SET session_replication_role = replica;

--
-- PostgreSQL database dump
--

-- Dumped from database version 15.8
-- Dumped by pg_dump version 15.8

SET statement_timeout = 0;
SET lock_timeout = 0;
SET idle_in_transaction_session_timeout = 0;
SET client_encoding = 'UTF8';
SET standard_conforming_strings = on;
SELECT pg_catalog.set_config('search_path', '', false);
SET check_function_bodies = false;
SET xmloption = content;
SET client_min_messages = warning;
SET row_security = off;

--
-- Data for Name: audit_log_entries; Type: TABLE DATA; Schema: auth; Owner: supabase_auth_admin
--

INSERT INTO "auth"."audit_log_entries" ("instance_id", "id", "payload", "created_at", "ip_address") VALUES
	('00000000-0000-0000-0000-000000000000', 'b3cac7ca-02a2-4d25-84ef-cac0b65062a6', '{"action":"user_confirmation_requested","actor_id":"e6ce2b90-f7e7-4c34-bee5-ad3c5760ff04","actor_username":"dominickjerell@gmail.com","actor_via_sso":false,"log_type":"user","traits":{"provider":"email"}}', '2025-05-05 21:04:24.273931+00', ''),
	('00000000-0000-0000-0000-000000000000', 'b0f24730-dbc3-451d-af66-722e39686fa7', '{"action":"user_signedup","actor_id":"e6ce2b90-f7e7-4c34-bee5-ad3c5760ff04","actor_username":"dominickjerell@gmail.com","actor_via_sso":false,"log_type":"team"}', '2025-05-05 21:07:20.655112+00', ''),
	('00000000-0000-0000-0000-000000000000', '25eff38d-1f85-46fe-8bea-8144a10f77e7', '{"action":"login","actor_id":"e6ce2b90-f7e7-4c34-bee5-ad3c5760ff04","actor_username":"dominickjerell@gmail.com","actor_via_sso":false,"log_type":"account","traits":{"provider":"email"}}', '2025-05-05 21:07:45.426535+00', ''),
	('00000000-0000-0000-0000-000000000000', 'f79437ac-39b1-4ba8-b4f7-d8aa9519aedc', '{"action":"login","actor_id":"e6ce2b90-f7e7-4c34-bee5-ad3c5760ff04","actor_username":"dominickjerell@gmail.com","actor_via_sso":false,"log_type":"account","traits":{"provider":"email"}}', '2025-05-05 21:07:49.789603+00', ''),
	('00000000-0000-0000-0000-000000000000', '270d9a1b-148f-480e-842f-69bef9c58f75', '{"action":"login","actor_id":"e6ce2b90-f7e7-4c34-bee5-ad3c5760ff04","actor_username":"dominickjerell@gmail.com","actor_via_sso":false,"log_type":"account","traits":{"provider":"email"}}', '2025-05-05 21:10:22.554497+00', ''),
	('00000000-0000-0000-0000-000000000000', '9aaa0054-153e-451f-9752-181f5d6f2643', '{"action":"login","actor_id":"e6ce2b90-f7e7-4c34-bee5-ad3c5760ff04","actor_username":"dominickjerell@gmail.com","actor_via_sso":false,"log_type":"account","traits":{"provider":"email"}}', '2025-05-05 21:26:19.990906+00', ''),
	('00000000-0000-0000-0000-000000000000', 'fa3b129e-cbaf-4637-bf1a-54b6645c0da7', '{"action":"login","actor_id":"e6ce2b90-f7e7-4c34-bee5-ad3c5760ff04","actor_username":"dominickjerell@gmail.com","actor_via_sso":false,"log_type":"account","traits":{"provider":"email"}}', '2025-05-05 21:36:13.393657+00', ''),
	('00000000-0000-0000-0000-000000000000', '91ea1a6a-0cf0-4e31-a1a0-c4ab16f84cd1', '{"action":"login","actor_id":"e6ce2b90-f7e7-4c34-bee5-ad3c5760ff04","actor_username":"dominickjerell@gmail.com","actor_via_sso":false,"log_type":"account","traits":{"provider":"email"}}', '2025-05-05 21:36:23.267816+00', ''),
	('00000000-0000-0000-0000-000000000000', '06d99980-15a3-49a6-81c7-dc80ab407d84', '{"action":"token_refreshed","actor_id":"e6ce2b90-f7e7-4c34-bee5-ad3c5760ff04","actor_username":"dominickjerell@gmail.com","actor_via_sso":false,"log_type":"token"}', '2025-05-05 22:36:44.553235+00', ''),
	('00000000-0000-0000-0000-000000000000', 'a70aa3d6-5b93-4a99-a6b1-a5a3ef4eb480', '{"action":"token_revoked","actor_id":"e6ce2b90-f7e7-4c34-bee5-ad3c5760ff04","actor_username":"dominickjerell@gmail.com","actor_via_sso":false,"log_type":"token"}', '2025-05-05 22:36:44.554799+00', ''),
	('00000000-0000-0000-0000-000000000000', '933f645e-0c73-4d97-9900-d261e765ba18', '{"action":"login","actor_id":"e6ce2b90-f7e7-4c34-bee5-ad3c5760ff04","actor_username":"dominickjerell@gmail.com","actor_via_sso":false,"log_type":"account","traits":{"provider":"email"}}', '2025-05-05 22:36:55.142784+00', ''),
	('00000000-0000-0000-0000-000000000000', 'c1a54dae-6fd6-4a32-a785-1a2b3263cd6c', '{"action":"login","actor_id":"e6ce2b90-f7e7-4c34-bee5-ad3c5760ff04","actor_username":"dominickjerell@gmail.com","actor_via_sso":false,"log_type":"account","traits":{"provider":"email"}}', '2025-05-05 22:46:19.680894+00', ''),
	('00000000-0000-0000-0000-000000000000', '47f9977c-a34b-4671-b1ac-1742aa642923', '{"action":"login","actor_id":"e6ce2b90-f7e7-4c34-bee5-ad3c5760ff04","actor_username":"dominickjerell@gmail.com","actor_via_sso":false,"log_type":"account","traits":{"provider":"email"}}', '2025-05-05 22:47:54.042745+00', ''),
	('00000000-0000-0000-0000-000000000000', '47f638f4-614c-408e-8f06-687b88cbbd2a', '{"action":"login","actor_id":"e6ce2b90-f7e7-4c34-bee5-ad3c5760ff04","actor_username":"dominickjerell@gmail.com","actor_via_sso":false,"log_type":"account","traits":{"provider":"email"}}', '2025-05-05 22:49:09.477847+00', ''),
	('00000000-0000-0000-0000-000000000000', '4b16921e-908a-454e-8ef0-9c54fca108ba', '{"action":"login","actor_id":"e6ce2b90-f7e7-4c34-bee5-ad3c5760ff04","actor_username":"dominickjerell@gmail.com","actor_via_sso":false,"log_type":"account","traits":{"provider":"email"}}', '2025-05-05 22:59:55.469547+00', ''),
	('00000000-0000-0000-0000-000000000000', 'f094067a-ddb6-4e0b-8476-4c22ea9a1306', '{"action":"token_refreshed","actor_id":"e6ce2b90-f7e7-4c34-bee5-ad3c5760ff04","actor_username":"dominickjerell@gmail.com","actor_via_sso":false,"log_type":"token"}', '2025-05-06 00:09:11.845549+00', ''),
	('00000000-0000-0000-0000-000000000000', 'e05c6cde-2f7a-4558-bd95-0157bcc14030', '{"action":"token_revoked","actor_id":"e6ce2b90-f7e7-4c34-bee5-ad3c5760ff04","actor_username":"dominickjerell@gmail.com","actor_via_sso":false,"log_type":"token"}', '2025-05-06 00:09:11.847174+00', ''),
	('00000000-0000-0000-0000-000000000000', '024eeeef-789d-46f3-b3c7-01764f99da5e', '{"action":"token_refreshed","actor_id":"e6ce2b90-f7e7-4c34-bee5-ad3c5760ff04","actor_username":"dominickjerell@gmail.com","actor_via_sso":false,"log_type":"token"}', '2025-05-06 01:09:01.686881+00', ''),
	('00000000-0000-0000-0000-000000000000', 'c3442947-27aa-4c03-8897-3813e5d17c52', '{"action":"token_revoked","actor_id":"e6ce2b90-f7e7-4c34-bee5-ad3c5760ff04","actor_username":"dominickjerell@gmail.com","actor_via_sso":false,"log_type":"token"}', '2025-05-06 01:09:01.688288+00', ''),
	('00000000-0000-0000-0000-000000000000', '193fac3e-47e9-4b57-9677-16f27e5616b3', '{"action":"token_refreshed","actor_id":"e6ce2b90-f7e7-4c34-bee5-ad3c5760ff04","actor_username":"dominickjerell@gmail.com","actor_via_sso":false,"log_type":"token"}', '2025-05-06 02:09:22.639556+00', ''),
	('00000000-0000-0000-0000-000000000000', '72139836-0500-4a75-abcb-b90a04671020', '{"action":"token_revoked","actor_id":"e6ce2b90-f7e7-4c34-bee5-ad3c5760ff04","actor_username":"dominickjerell@gmail.com","actor_via_sso":false,"log_type":"token"}', '2025-05-06 02:09:22.646763+00', ''),
	('00000000-0000-0000-0000-000000000000', 'eafab0f5-e018-4118-bf1c-fa21699a4004', '{"action":"token_refreshed","actor_id":"e6ce2b90-f7e7-4c34-bee5-ad3c5760ff04","actor_username":"dominickjerell@gmail.com","actor_via_sso":false,"log_type":"token"}', '2025-05-06 02:09:22.83159+00', ''),
	('00000000-0000-0000-0000-000000000000', '278cda94-2711-4d8d-8f37-6a934dd28588', '{"action":"token_refreshed","actor_id":"e6ce2b90-f7e7-4c34-bee5-ad3c5760ff04","actor_username":"dominickjerell@gmail.com","actor_via_sso":false,"log_type":"token"}', '2025-05-06 03:07:50.077126+00', ''),
	('00000000-0000-0000-0000-000000000000', 'b7073296-1468-4882-9e3b-9e939a4b5e02', '{"action":"token_revoked","actor_id":"e6ce2b90-f7e7-4c34-bee5-ad3c5760ff04","actor_username":"dominickjerell@gmail.com","actor_via_sso":false,"log_type":"token"}', '2025-05-06 03:07:50.079404+00', ''),
	('00000000-0000-0000-0000-000000000000', '793ad79c-66a9-40f1-a1b0-21bea48ebf5d', '{"action":"token_refreshed","actor_id":"e6ce2b90-f7e7-4c34-bee5-ad3c5760ff04","actor_username":"dominickjerell@gmail.com","actor_via_sso":false,"log_type":"token"}', '2025-05-06 14:41:39.220952+00', ''),
	('00000000-0000-0000-0000-000000000000', '5ab31781-6477-4a7f-be8f-c18418bb8405', '{"action":"token_revoked","actor_id":"e6ce2b90-f7e7-4c34-bee5-ad3c5760ff04","actor_username":"dominickjerell@gmail.com","actor_via_sso":false,"log_type":"token"}', '2025-05-06 14:41:39.229838+00', ''),
	('00000000-0000-0000-0000-000000000000', '43fc9a40-c28e-4987-9f2f-3faee77d374d', '{"action":"token_refreshed","actor_id":"e6ce2b90-f7e7-4c34-bee5-ad3c5760ff04","actor_username":"dominickjerell@gmail.com","actor_via_sso":false,"log_type":"token"}', '2025-05-06 17:58:14.930402+00', ''),
	('00000000-0000-0000-0000-000000000000', '2672bee5-d3d0-42a3-894e-2ed52bf33b39', '{"action":"token_revoked","actor_id":"e6ce2b90-f7e7-4c34-bee5-ad3c5760ff04","actor_username":"dominickjerell@gmail.com","actor_via_sso":false,"log_type":"token"}', '2025-05-06 17:58:14.931229+00', ''),
	('00000000-0000-0000-0000-000000000000', '19896501-b51f-47b5-bcda-46f4479efcc8', '{"action":"token_refreshed","actor_id":"e6ce2b90-f7e7-4c34-bee5-ad3c5760ff04","actor_username":"dominickjerell@gmail.com","actor_via_sso":false,"log_type":"token"}', '2025-05-06 17:58:24.671539+00', ''),
	('00000000-0000-0000-0000-000000000000', '8cbb9ac6-be9a-4c9c-b13d-7c2c3e53a292', '{"action":"token_revoked","actor_id":"e6ce2b90-f7e7-4c34-bee5-ad3c5760ff04","actor_username":"dominickjerell@gmail.com","actor_via_sso":false,"log_type":"token"}', '2025-05-06 17:58:24.672137+00', ''),
	('00000000-0000-0000-0000-000000000000', 'f9e935b0-b14e-402d-813a-ed81ae162074', '{"action":"token_refreshed","actor_id":"e6ce2b90-f7e7-4c34-bee5-ad3c5760ff04","actor_username":"dominickjerell@gmail.com","actor_via_sso":false,"log_type":"token"}', '2025-05-06 18:56:30.379787+00', ''),
	('00000000-0000-0000-0000-000000000000', '3beeafbf-2090-4a91-8f39-ed97306486cb', '{"action":"token_revoked","actor_id":"e6ce2b90-f7e7-4c34-bee5-ad3c5760ff04","actor_username":"dominickjerell@gmail.com","actor_via_sso":false,"log_type":"token"}', '2025-05-06 18:56:30.381213+00', ''),
	('00000000-0000-0000-0000-000000000000', '0c5f5e4d-2f97-4a10-a84f-245a7064f2aa', '{"action":"token_refreshed","actor_id":"e6ce2b90-f7e7-4c34-bee5-ad3c5760ff04","actor_username":"dominickjerell@gmail.com","actor_via_sso":false,"log_type":"token"}', '2025-05-06 18:57:00.444826+00', ''),
	('00000000-0000-0000-0000-000000000000', 'c2181697-4d55-496e-afb4-b8cf69ebf786', '{"action":"token_revoked","actor_id":"e6ce2b90-f7e7-4c34-bee5-ad3c5760ff04","actor_username":"dominickjerell@gmail.com","actor_via_sso":false,"log_type":"token"}', '2025-05-06 18:57:00.450831+00', ''),
	('00000000-0000-0000-0000-000000000000', '6c2e93de-d31c-4afb-b0cf-ccdd7888a2ef', '{"action":"token_refreshed","actor_id":"e6ce2b90-f7e7-4c34-bee5-ad3c5760ff04","actor_username":"dominickjerell@gmail.com","actor_via_sso":false,"log_type":"token"}', '2025-05-06 19:54:58.055869+00', ''),
	('00000000-0000-0000-0000-000000000000', '787715fc-061d-41a5-adf4-aa5b7ddbfdd4', '{"action":"token_revoked","actor_id":"e6ce2b90-f7e7-4c34-bee5-ad3c5760ff04","actor_username":"dominickjerell@gmail.com","actor_via_sso":false,"log_type":"token"}', '2025-05-06 19:54:58.057711+00', ''),
	('00000000-0000-0000-0000-000000000000', '9bd24e4e-2702-411f-b9e9-5b13e7765c6d', '{"action":"token_refreshed","actor_id":"e6ce2b90-f7e7-4c34-bee5-ad3c5760ff04","actor_username":"dominickjerell@gmail.com","actor_via_sso":false,"log_type":"token"}', '2025-05-06 19:55:27.704531+00', ''),
	('00000000-0000-0000-0000-000000000000', '5215dd6b-2718-40de-87da-54cf589104da', '{"action":"token_revoked","actor_id":"e6ce2b90-f7e7-4c34-bee5-ad3c5760ff04","actor_username":"dominickjerell@gmail.com","actor_via_sso":false,"log_type":"token"}', '2025-05-06 19:55:27.705124+00', ''),
	('00000000-0000-0000-0000-000000000000', '79ad7d6d-8037-4318-993a-fd252b3104c4', '{"action":"token_refreshed","actor_id":"e6ce2b90-f7e7-4c34-bee5-ad3c5760ff04","actor_username":"dominickjerell@gmail.com","actor_via_sso":false,"log_type":"token"}', '2025-05-06 21:18:23.857563+00', ''),
	('00000000-0000-0000-0000-000000000000', 'e342f740-0bda-4d1e-9a0f-bd410bfc2374', '{"action":"token_revoked","actor_id":"e6ce2b90-f7e7-4c34-bee5-ad3c5760ff04","actor_username":"dominickjerell@gmail.com","actor_via_sso":false,"log_type":"token"}', '2025-05-06 21:18:23.858295+00', ''),
	('00000000-0000-0000-0000-000000000000', 'ba4977f2-2719-41b6-be3e-7151c7af2726', '{"action":"token_refreshed","actor_id":"e6ce2b90-f7e7-4c34-bee5-ad3c5760ff04","actor_username":"dominickjerell@gmail.com","actor_via_sso":false,"log_type":"token"}', '2025-05-06 21:18:24.036423+00', ''),
	('00000000-0000-0000-0000-000000000000', '6bab36f2-cd01-4502-904b-ff69afeecf21', '{"action":"token_revoked","actor_id":"e6ce2b90-f7e7-4c34-bee5-ad3c5760ff04","actor_username":"dominickjerell@gmail.com","actor_via_sso":false,"log_type":"token"}', '2025-05-06 21:18:24.036991+00', ''),
	('00000000-0000-0000-0000-000000000000', '096fbcad-0496-4838-b218-3e2459f4830f', '{"action":"token_refreshed","actor_id":"e6ce2b90-f7e7-4c34-bee5-ad3c5760ff04","actor_username":"dominickjerell@gmail.com","actor_via_sso":false,"log_type":"token"}', '2025-05-06 22:27:51.137461+00', ''),
	('00000000-0000-0000-0000-000000000000', '0b64d10b-9f8a-4114-afe1-3613b1dea196', '{"action":"token_revoked","actor_id":"e6ce2b90-f7e7-4c34-bee5-ad3c5760ff04","actor_username":"dominickjerell@gmail.com","actor_via_sso":false,"log_type":"token"}', '2025-05-06 22:27:51.144121+00', ''),
	('00000000-0000-0000-0000-000000000000', 'a3757c8f-1e4f-40d4-8057-e8457eb329a3', '{"action":"token_refreshed","actor_id":"e6ce2b90-f7e7-4c34-bee5-ad3c5760ff04","actor_username":"dominickjerell@gmail.com","actor_via_sso":false,"log_type":"token"}', '2025-05-06 23:28:17.631777+00', ''),
	('00000000-0000-0000-0000-000000000000', '4fa9e193-67c2-4dc7-8d7a-bde28a4353fc', '{"action":"token_revoked","actor_id":"e6ce2b90-f7e7-4c34-bee5-ad3c5760ff04","actor_username":"dominickjerell@gmail.com","actor_via_sso":false,"log_type":"token"}', '2025-05-06 23:28:17.632537+00', ''),
	('00000000-0000-0000-0000-000000000000', 'dbf41224-52b8-49b7-a0fc-f54c98d4c71c', '{"action":"token_refreshed","actor_id":"e6ce2b90-f7e7-4c34-bee5-ad3c5760ff04","actor_username":"dominickjerell@gmail.com","actor_via_sso":false,"log_type":"token"}', '2025-05-06 23:28:17.98004+00', ''),
	('00000000-0000-0000-0000-000000000000', 'dcabff1f-8b84-4d90-b430-ba018fcd17e0', '{"action":"token_refreshed","actor_id":"e6ce2b90-f7e7-4c34-bee5-ad3c5760ff04","actor_username":"dominickjerell@gmail.com","actor_via_sso":false,"log_type":"token"}', '2025-05-06 23:33:51.415294+00', ''),
	('00000000-0000-0000-0000-000000000000', '54ba76f2-b3cb-4c88-b21b-3fbf4615c77d', '{"action":"token_revoked","actor_id":"e6ce2b90-f7e7-4c34-bee5-ad3c5760ff04","actor_username":"dominickjerell@gmail.com","actor_via_sso":false,"log_type":"token"}', '2025-05-06 23:33:51.416593+00', ''),
	('00000000-0000-0000-0000-000000000000', 'b8fa13d8-7d24-4c63-8efd-bc78356bd5c1', '{"action":"token_refreshed","actor_id":"e6ce2b90-f7e7-4c34-bee5-ad3c5760ff04","actor_username":"dominickjerell@gmail.com","actor_via_sso":false,"log_type":"token"}', '2025-05-07 00:28:01.251639+00', ''),
	('00000000-0000-0000-0000-000000000000', '8df4b47b-9009-4e11-9d4e-5d4b7642c8d8', '{"action":"token_revoked","actor_id":"e6ce2b90-f7e7-4c34-bee5-ad3c5760ff04","actor_username":"dominickjerell@gmail.com","actor_via_sso":false,"log_type":"token"}', '2025-05-07 00:28:01.253498+00', ''),
	('00000000-0000-0000-0000-000000000000', 'ea4093c2-82ce-4c93-b4bf-b2b562bc178f', '{"action":"token_refreshed","actor_id":"e6ce2b90-f7e7-4c34-bee5-ad3c5760ff04","actor_username":"dominickjerell@gmail.com","actor_via_sso":false,"log_type":"token"}', '2025-05-07 00:33:57.859557+00', ''),
	('00000000-0000-0000-0000-000000000000', 'fc70d524-fa30-4811-b3f8-67f952098353', '{"action":"token_revoked","actor_id":"e6ce2b90-f7e7-4c34-bee5-ad3c5760ff04","actor_username":"dominickjerell@gmail.com","actor_via_sso":false,"log_type":"token"}', '2025-05-07 00:33:57.86093+00', ''),
	('00000000-0000-0000-0000-000000000000', '5e36d015-6cd8-4d99-869c-35c33dac8bab', '{"action":"token_refreshed","actor_id":"e6ce2b90-f7e7-4c34-bee5-ad3c5760ff04","actor_username":"dominickjerell@gmail.com","actor_via_sso":false,"log_type":"token"}', '2025-05-07 01:26:18.874812+00', ''),
	('00000000-0000-0000-0000-000000000000', '44e7acb2-3d22-49c7-b842-999c69e71574', '{"action":"token_revoked","actor_id":"e6ce2b90-f7e7-4c34-bee5-ad3c5760ff04","actor_username":"dominickjerell@gmail.com","actor_via_sso":false,"log_type":"token"}', '2025-05-07 01:26:18.876169+00', ''),
	('00000000-0000-0000-0000-000000000000', '60f68a7f-f293-4e26-95fa-3a23ee00357c', '{"action":"token_refreshed","actor_id":"e6ce2b90-f7e7-4c34-bee5-ad3c5760ff04","actor_username":"dominickjerell@gmail.com","actor_via_sso":false,"log_type":"token"}', '2025-05-07 01:42:18.065264+00', ''),
	('00000000-0000-0000-0000-000000000000', 'f5f74a29-11e1-4529-ac2d-475201132fff', '{"action":"token_revoked","actor_id":"e6ce2b90-f7e7-4c34-bee5-ad3c5760ff04","actor_username":"dominickjerell@gmail.com","actor_via_sso":false,"log_type":"token"}', '2025-05-07 01:42:18.067622+00', ''),
	('00000000-0000-0000-0000-000000000000', '49158fb0-f36f-4a36-aa83-81d73bcfa0ca', '{"action":"token_refreshed","actor_id":"e6ce2b90-f7e7-4c34-bee5-ad3c5760ff04","actor_username":"dominickjerell@gmail.com","actor_via_sso":false,"log_type":"token"}', '2025-05-07 02:24:48.883745+00', ''),
	('00000000-0000-0000-0000-000000000000', 'dcff599f-2f77-4750-ba75-89e55062a036', '{"action":"token_revoked","actor_id":"e6ce2b90-f7e7-4c34-bee5-ad3c5760ff04","actor_username":"dominickjerell@gmail.com","actor_via_sso":false,"log_type":"token"}', '2025-05-07 02:24:48.885202+00', ''),
	('00000000-0000-0000-0000-000000000000', 'e903f0be-d1c9-476f-94b8-0a65ad3574dd', '{"action":"token_refreshed","actor_id":"e6ce2b90-f7e7-4c34-bee5-ad3c5760ff04","actor_username":"dominickjerell@gmail.com","actor_via_sso":false,"log_type":"token"}', '2025-05-07 03:02:17.157465+00', ''),
	('00000000-0000-0000-0000-000000000000', '43864adc-f9bd-412b-87ec-9d64f50f98cd', '{"action":"token_revoked","actor_id":"e6ce2b90-f7e7-4c34-bee5-ad3c5760ff04","actor_username":"dominickjerell@gmail.com","actor_via_sso":false,"log_type":"token"}', '2025-05-07 03:02:17.158849+00', ''),
	('00000000-0000-0000-0000-000000000000', '8fa002d0-0ea8-4eb1-b0c0-1115cb9be2fd', '{"action":"token_refreshed","actor_id":"e6ce2b90-f7e7-4c34-bee5-ad3c5760ff04","actor_username":"dominickjerell@gmail.com","actor_via_sso":false,"log_type":"token"}', '2025-05-07 03:23:14.635531+00', ''),
	('00000000-0000-0000-0000-000000000000', '5d9b8ce6-8bc3-4bdf-9403-9f3409468ca3', '{"action":"token_revoked","actor_id":"e6ce2b90-f7e7-4c34-bee5-ad3c5760ff04","actor_username":"dominickjerell@gmail.com","actor_via_sso":false,"log_type":"token"}', '2025-05-07 03:23:14.63636+00', ''),
	('00000000-0000-0000-0000-000000000000', 'd9cce8ee-761b-450a-a62b-9666977c72cc', '{"action":"token_refreshed","actor_id":"e6ce2b90-f7e7-4c34-bee5-ad3c5760ff04","actor_username":"dominickjerell@gmail.com","actor_via_sso":false,"log_type":"token"}', '2025-05-07 14:24:37.956529+00', ''),
	('00000000-0000-0000-0000-000000000000', '308fee14-63e0-4ec2-b220-63bea637637a', '{"action":"token_revoked","actor_id":"e6ce2b90-f7e7-4c34-bee5-ad3c5760ff04","actor_username":"dominickjerell@gmail.com","actor_via_sso":false,"log_type":"token"}', '2025-05-07 14:24:37.962019+00', ''),
	('00000000-0000-0000-0000-000000000000', '883783eb-b69a-4ae0-9b5b-d805117073d4', '{"action":"token_refreshed","actor_id":"e6ce2b90-f7e7-4c34-bee5-ad3c5760ff04","actor_username":"dominickjerell@gmail.com","actor_via_sso":false,"log_type":"token"}', '2025-05-07 14:24:38.186571+00', ''),
	('00000000-0000-0000-0000-000000000000', 'adb35534-6f9a-41b8-87ea-ca16574d3b95', '{"action":"token_revoked","actor_id":"e6ce2b90-f7e7-4c34-bee5-ad3c5760ff04","actor_username":"dominickjerell@gmail.com","actor_via_sso":false,"log_type":"token"}', '2025-05-07 14:24:38.189492+00', ''),
	('00000000-0000-0000-0000-000000000000', 'ec6c6413-29f0-42af-9db6-7a971ae6bc82', '{"action":"token_refreshed","actor_id":"e6ce2b90-f7e7-4c34-bee5-ad3c5760ff04","actor_username":"dominickjerell@gmail.com","actor_via_sso":false,"log_type":"token"}', '2025-05-07 20:19:43.573046+00', ''),
	('00000000-0000-0000-0000-000000000000', '50b55731-d603-4006-b78e-6563e5029e9b', '{"action":"token_revoked","actor_id":"e6ce2b90-f7e7-4c34-bee5-ad3c5760ff04","actor_username":"dominickjerell@gmail.com","actor_via_sso":false,"log_type":"token"}', '2025-05-07 20:19:43.583312+00', ''),
	('00000000-0000-0000-0000-000000000000', '2c7b163f-644b-4239-a33f-0897fd68a405', '{"action":"token_refreshed","actor_id":"e6ce2b90-f7e7-4c34-bee5-ad3c5760ff04","actor_username":"dominickjerell@gmail.com","actor_via_sso":false,"log_type":"token"}', '2025-05-07 20:41:18.740415+00', ''),
	('00000000-0000-0000-0000-000000000000', '8f6ec716-4207-4e41-942c-9c4727c4dbf4', '{"action":"token_revoked","actor_id":"e6ce2b90-f7e7-4c34-bee5-ad3c5760ff04","actor_username":"dominickjerell@gmail.com","actor_via_sso":false,"log_type":"token"}', '2025-05-07 20:41:18.741918+00', ''),
	('00000000-0000-0000-0000-000000000000', 'a064766c-46bd-4188-988d-fa5171cf50a6', '{"action":"token_refreshed","actor_id":"e6ce2b90-f7e7-4c34-bee5-ad3c5760ff04","actor_username":"dominickjerell@gmail.com","actor_via_sso":false,"log_type":"token"}', '2025-05-07 21:22:06.185745+00', ''),
	('00000000-0000-0000-0000-000000000000', '57525b01-0c4a-46d6-9d35-e877863bb3bb', '{"action":"token_revoked","actor_id":"e6ce2b90-f7e7-4c34-bee5-ad3c5760ff04","actor_username":"dominickjerell@gmail.com","actor_via_sso":false,"log_type":"token"}', '2025-05-07 21:22:06.187006+00', ''),
	('00000000-0000-0000-0000-000000000000', '0ce181e5-089f-4b40-ac98-5683d86bf37b', '{"action":"token_refreshed","actor_id":"e6ce2b90-f7e7-4c34-bee5-ad3c5760ff04","actor_username":"dominickjerell@gmail.com","actor_via_sso":false,"log_type":"token"}', '2025-05-07 21:22:06.342644+00', ''),
	('00000000-0000-0000-0000-000000000000', '26fcf881-e9fd-4ab7-857d-28bfeb24d877', '{"action":"token_refreshed","actor_id":"e6ce2b90-f7e7-4c34-bee5-ad3c5760ff04","actor_username":"dominickjerell@gmail.com","actor_via_sso":false,"log_type":"token"}', '2025-05-08 15:08:07.421877+00', ''),
	('00000000-0000-0000-0000-000000000000', 'c8eec8aa-a0f1-4743-852b-1358ed645b4d', '{"action":"token_revoked","actor_id":"e6ce2b90-f7e7-4c34-bee5-ad3c5760ff04","actor_username":"dominickjerell@gmail.com","actor_via_sso":false,"log_type":"token"}', '2025-05-08 15:08:07.431346+00', ''),
	('00000000-0000-0000-0000-000000000000', '00bb10bf-3779-4075-b8a6-6eaf83901443', '{"action":"token_refreshed","actor_id":"e6ce2b90-f7e7-4c34-bee5-ad3c5760ff04","actor_username":"dominickjerell@gmail.com","actor_via_sso":false,"log_type":"token"}', '2025-05-08 17:55:17.861609+00', ''),
	('00000000-0000-0000-0000-000000000000', '223d10cf-b677-45fe-b03c-c2d6b9be6574', '{"action":"token_revoked","actor_id":"e6ce2b90-f7e7-4c34-bee5-ad3c5760ff04","actor_username":"dominickjerell@gmail.com","actor_via_sso":false,"log_type":"token"}', '2025-05-08 17:55:17.864382+00', ''),
	('00000000-0000-0000-0000-000000000000', 'af0df85f-6d0d-49b3-9292-21fd0d7f344a', '{"action":"token_refreshed","actor_id":"e6ce2b90-f7e7-4c34-bee5-ad3c5760ff04","actor_username":"dominickjerell@gmail.com","actor_via_sso":false,"log_type":"token"}', '2025-05-08 18:00:27.332566+00', ''),
	('00000000-0000-0000-0000-000000000000', 'e73c4799-43a2-49a3-962a-ce1e97cba830', '{"action":"token_revoked","actor_id":"e6ce2b90-f7e7-4c34-bee5-ad3c5760ff04","actor_username":"dominickjerell@gmail.com","actor_via_sso":false,"log_type":"token"}', '2025-05-08 18:00:27.334416+00', ''),
	('00000000-0000-0000-0000-000000000000', '779ab93c-9b77-4248-9569-1b3671736c55', '{"action":"token_refreshed","actor_id":"e6ce2b90-f7e7-4c34-bee5-ad3c5760ff04","actor_username":"dominickjerell@gmail.com","actor_via_sso":false,"log_type":"token"}', '2025-05-08 19:09:48.915899+00', ''),
	('00000000-0000-0000-0000-000000000000', 'ba471c18-f3be-4635-aa28-2552b8e10943', '{"action":"token_revoked","actor_id":"e6ce2b90-f7e7-4c34-bee5-ad3c5760ff04","actor_username":"dominickjerell@gmail.com","actor_via_sso":false,"log_type":"token"}', '2025-05-08 19:09:48.917782+00', ''),
	('00000000-0000-0000-0000-000000000000', '471924df-6d0b-4411-9d77-63ca0f8f61df', '{"action":"token_refreshed","actor_id":"e6ce2b90-f7e7-4c34-bee5-ad3c5760ff04","actor_username":"dominickjerell@gmail.com","actor_via_sso":false,"log_type":"token"}', '2025-05-08 19:16:12.208918+00', ''),
	('00000000-0000-0000-0000-000000000000', 'f2984730-2780-4cce-a187-a35da72e69be', '{"action":"token_revoked","actor_id":"e6ce2b90-f7e7-4c34-bee5-ad3c5760ff04","actor_username":"dominickjerell@gmail.com","actor_via_sso":false,"log_type":"token"}', '2025-05-08 19:16:12.210439+00', ''),
	('00000000-0000-0000-0000-000000000000', 'e4c8a56e-c9cb-4ca0-80ad-a782c6105db1', '{"action":"token_refreshed","actor_id":"e6ce2b90-f7e7-4c34-bee5-ad3c5760ff04","actor_username":"dominickjerell@gmail.com","actor_via_sso":false,"log_type":"token"}', '2025-05-08 21:18:02.613174+00', ''),
	('00000000-0000-0000-0000-000000000000', '26bf9eba-67c7-4021-89fa-b460a33620e9', '{"action":"token_revoked","actor_id":"e6ce2b90-f7e7-4c34-bee5-ad3c5760ff04","actor_username":"dominickjerell@gmail.com","actor_via_sso":false,"log_type":"token"}', '2025-05-08 21:18:02.616128+00', ''),
	('00000000-0000-0000-0000-000000000000', '67f00b78-5225-4a63-96de-ffba0922ea7d', '{"action":"token_refreshed","actor_id":"e6ce2b90-f7e7-4c34-bee5-ad3c5760ff04","actor_username":"dominickjerell@gmail.com","actor_via_sso":false,"log_type":"token"}', '2025-05-08 21:44:17.246084+00', ''),
	('00000000-0000-0000-0000-000000000000', '34eed48d-b785-4333-b5dd-62dd3f746afb', '{"action":"token_revoked","actor_id":"e6ce2b90-f7e7-4c34-bee5-ad3c5760ff04","actor_username":"dominickjerell@gmail.com","actor_via_sso":false,"log_type":"token"}', '2025-05-08 21:44:17.247484+00', ''),
	('00000000-0000-0000-0000-000000000000', '4e72424a-9952-4f59-abe7-c16ef994818f', '{"action":"token_refreshed","actor_id":"e6ce2b90-f7e7-4c34-bee5-ad3c5760ff04","actor_username":"dominickjerell@gmail.com","actor_via_sso":false,"log_type":"token"}', '2025-05-08 23:29:18.091367+00', ''),
	('00000000-0000-0000-0000-000000000000', 'd1f06ad9-d6b6-405b-b2bc-c67d2589730b', '{"action":"token_revoked","actor_id":"e6ce2b90-f7e7-4c34-bee5-ad3c5760ff04","actor_username":"dominickjerell@gmail.com","actor_via_sso":false,"log_type":"token"}', '2025-05-08 23:29:18.093725+00', ''),
	('00000000-0000-0000-0000-000000000000', '6a1cf689-6e47-4d7c-9f2b-17065f911ba8', '{"action":"token_refreshed","actor_id":"e6ce2b90-f7e7-4c34-bee5-ad3c5760ff04","actor_username":"dominickjerell@gmail.com","actor_via_sso":false,"log_type":"token"}', '2025-05-08 23:29:18.189408+00', ''),
	('00000000-0000-0000-0000-000000000000', '8dafad09-8904-4e4a-8a3f-0ffff2d738ba', '{"action":"token_revoked","actor_id":"e6ce2b90-f7e7-4c34-bee5-ad3c5760ff04","actor_username":"dominickjerell@gmail.com","actor_via_sso":false,"log_type":"token"}', '2025-05-08 23:29:18.189937+00', ''),
	('00000000-0000-0000-0000-000000000000', '6d49e0a3-fc88-497e-84b8-c3203e9c8de3', '{"action":"token_refreshed","actor_id":"e6ce2b90-f7e7-4c34-bee5-ad3c5760ff04","actor_username":"dominickjerell@gmail.com","actor_via_sso":false,"log_type":"token"}', '2025-05-09 00:29:50.21093+00', ''),
	('00000000-0000-0000-0000-000000000000', '977b6ea3-dba1-45d2-bc95-75e88e3ed1ed', '{"action":"token_revoked","actor_id":"e6ce2b90-f7e7-4c34-bee5-ad3c5760ff04","actor_username":"dominickjerell@gmail.com","actor_via_sso":false,"log_type":"token"}', '2025-05-09 00:29:50.213499+00', ''),
	('00000000-0000-0000-0000-000000000000', '3cb456ce-73f1-4844-8154-a90b6d6b2fa4', '{"action":"token_refreshed","actor_id":"e6ce2b90-f7e7-4c34-bee5-ad3c5760ff04","actor_username":"dominickjerell@gmail.com","actor_via_sso":false,"log_type":"token"}', '2025-05-09 01:07:37.587829+00', ''),
	('00000000-0000-0000-0000-000000000000', 'f1b70f45-fafe-419d-ba29-506ceacdd064', '{"action":"token_revoked","actor_id":"e6ce2b90-f7e7-4c34-bee5-ad3c5760ff04","actor_username":"dominickjerell@gmail.com","actor_via_sso":false,"log_type":"token"}', '2025-05-09 01:07:37.590921+00', ''),
	('00000000-0000-0000-0000-000000000000', '6db7e3de-9ca0-4db4-b759-2982c03fdef3', '{"action":"token_refreshed","actor_id":"e6ce2b90-f7e7-4c34-bee5-ad3c5760ff04","actor_username":"dominickjerell@gmail.com","actor_via_sso":false,"log_type":"token"}', '2025-05-09 15:48:36.721884+00', ''),
	('00000000-0000-0000-0000-000000000000', '9e3e8953-a6ca-4633-84e5-7d4936376f27', '{"action":"token_revoked","actor_id":"e6ce2b90-f7e7-4c34-bee5-ad3c5760ff04","actor_username":"dominickjerell@gmail.com","actor_via_sso":false,"log_type":"token"}', '2025-05-09 15:48:36.735103+00', ''),
	('00000000-0000-0000-0000-000000000000', '79a5360c-cc6a-4fd8-9720-5cad0b4e5195', '{"action":"token_refreshed","actor_id":"e6ce2b90-f7e7-4c34-bee5-ad3c5760ff04","actor_username":"dominickjerell@gmail.com","actor_via_sso":false,"log_type":"token"}', '2025-05-09 15:48:45.275286+00', ''),
	('00000000-0000-0000-0000-000000000000', '1d1ec7d0-1bdd-4ca9-8f71-658fefeba119', '{"action":"token_revoked","actor_id":"e6ce2b90-f7e7-4c34-bee5-ad3c5760ff04","actor_username":"dominickjerell@gmail.com","actor_via_sso":false,"log_type":"token"}', '2025-05-09 15:48:45.280602+00', ''),
	('00000000-0000-0000-0000-000000000000', '39f7193f-7c99-4ac7-908f-344ee65fc548', '{"action":"token_refreshed","actor_id":"e6ce2b90-f7e7-4c34-bee5-ad3c5760ff04","actor_username":"dominickjerell@gmail.com","actor_via_sso":false,"log_type":"token"}', '2025-05-10 20:53:51.120232+00', ''),
	('00000000-0000-0000-0000-000000000000', 'f9b29490-d4af-43dc-b006-f6d228b66a8e', '{"action":"token_revoked","actor_id":"e6ce2b90-f7e7-4c34-bee5-ad3c5760ff04","actor_username":"dominickjerell@gmail.com","actor_via_sso":false,"log_type":"token"}', '2025-05-10 20:53:51.137286+00', ''),
	('00000000-0000-0000-0000-000000000000', 'ed0c1346-72c5-478f-951c-0a6d15559411', '{"action":"token_refreshed","actor_id":"e6ce2b90-f7e7-4c34-bee5-ad3c5760ff04","actor_username":"dominickjerell@gmail.com","actor_via_sso":false,"log_type":"token"}', '2025-05-10 20:54:30.637234+00', ''),
	('00000000-0000-0000-0000-000000000000', '94353fdd-bf5f-4d10-8489-509d4a15a31f', '{"action":"token_revoked","actor_id":"e6ce2b90-f7e7-4c34-bee5-ad3c5760ff04","actor_username":"dominickjerell@gmail.com","actor_via_sso":false,"log_type":"token"}', '2025-05-10 20:54:30.637769+00', ''),
	('00000000-0000-0000-0000-000000000000', 'c0774b78-b5d8-4e9a-aa3d-1dd7a852fbfd', '{"action":"token_refreshed","actor_id":"e6ce2b90-f7e7-4c34-bee5-ad3c5760ff04","actor_username":"dominickjerell@gmail.com","actor_via_sso":false,"log_type":"token"}', '2025-05-10 23:43:13.555509+00', ''),
	('00000000-0000-0000-0000-000000000000', 'd12e1146-dd13-4a5f-84d7-164e2305c74e', '{"action":"token_revoked","actor_id":"e6ce2b90-f7e7-4c34-bee5-ad3c5760ff04","actor_username":"dominickjerell@gmail.com","actor_via_sso":false,"log_type":"token"}', '2025-05-10 23:43:13.557529+00', ''),
	('00000000-0000-0000-0000-000000000000', 'd7d04ac8-f5af-4277-80cf-497c81298a53', '{"action":"token_refreshed","actor_id":"e6ce2b90-f7e7-4c34-bee5-ad3c5760ff04","actor_username":"dominickjerell@gmail.com","actor_via_sso":false,"log_type":"token"}', '2025-05-10 23:43:13.641181+00', ''),
	('00000000-0000-0000-0000-000000000000', 'f469f1ba-aeee-46ac-a191-3cefa0d44205', '{"action":"token_revoked","actor_id":"e6ce2b90-f7e7-4c34-bee5-ad3c5760ff04","actor_username":"dominickjerell@gmail.com","actor_via_sso":false,"log_type":"token"}', '2025-05-10 23:43:13.641704+00', ''),
	('00000000-0000-0000-0000-000000000000', '4326d9a1-2333-4676-ba81-5e5645c4d36b', '{"action":"token_refreshed","actor_id":"e6ce2b90-f7e7-4c34-bee5-ad3c5760ff04","actor_username":"dominickjerell@gmail.com","actor_via_sso":false,"log_type":"token"}', '2025-05-13 00:59:50.754088+00', ''),
	('00000000-0000-0000-0000-000000000000', '5e499ca5-6fed-45f8-b9e1-f11629756d3c', '{"action":"token_revoked","actor_id":"e6ce2b90-f7e7-4c34-bee5-ad3c5760ff04","actor_username":"dominickjerell@gmail.com","actor_via_sso":false,"log_type":"token"}', '2025-05-13 00:59:50.769746+00', ''),
	('00000000-0000-0000-0000-000000000000', '3878b11c-0a6a-4bef-8cb1-ec2c85edb573', '{"action":"token_refreshed","actor_id":"e6ce2b90-f7e7-4c34-bee5-ad3c5760ff04","actor_username":"dominickjerell@gmail.com","actor_via_sso":false,"log_type":"token"}', '2025-05-13 01:58:02.023103+00', ''),
	('00000000-0000-0000-0000-000000000000', '186fe8d6-0efc-4d32-8c2a-9c82a67c3c8c', '{"action":"token_revoked","actor_id":"e6ce2b90-f7e7-4c34-bee5-ad3c5760ff04","actor_username":"dominickjerell@gmail.com","actor_via_sso":false,"log_type":"token"}', '2025-05-13 01:58:02.025056+00', ''),
	('00000000-0000-0000-0000-000000000000', '50aaed59-d9d7-4440-a6ce-cf26d76e14cb', '{"action":"token_refreshed","actor_id":"e6ce2b90-f7e7-4c34-bee5-ad3c5760ff04","actor_username":"dominickjerell@gmail.com","actor_via_sso":false,"log_type":"token"}', '2025-05-13 16:35:29.399441+00', ''),
	('00000000-0000-0000-0000-000000000000', '204f3dc8-2d2f-4b62-a6ac-90e3e0dcd211', '{"action":"token_revoked","actor_id":"e6ce2b90-f7e7-4c34-bee5-ad3c5760ff04","actor_username":"dominickjerell@gmail.com","actor_via_sso":false,"log_type":"token"}', '2025-05-13 16:35:29.416211+00', ''),
	('00000000-0000-0000-0000-000000000000', '83d46af2-e4cd-46bb-99e6-edbdde06ef06', '{"action":"logout","actor_id":"e6ce2b90-f7e7-4c34-bee5-ad3c5760ff04","actor_username":"dominickjerell@gmail.com","actor_via_sso":false,"log_type":"account"}', '2025-05-13 17:24:44.214971+00', ''),
	('00000000-0000-0000-0000-000000000000', '21608743-2cd8-4de2-a4e1-b7675c01ab56', '{"action":"user_confirmation_requested","actor_id":"50211385-86c1-43ee-b034-4c69a442b3df","actor_name":"dominick hill","actor_username":"fiveminsaway@gmail.com","actor_via_sso":false,"log_type":"user","traits":{"provider":"email"}}', '2025-05-13 17:28:41.74694+00', ''),
	('00000000-0000-0000-0000-000000000000', '99f19242-d810-41f3-ad28-545b7a548cdb', '{"action":"user_signedup","actor_id":"50211385-86c1-43ee-b034-4c69a442b3df","actor_name":"dominick hill","actor_username":"fiveminsaway@gmail.com","actor_via_sso":false,"log_type":"team"}', '2025-05-13 17:28:56.976142+00', ''),
	('00000000-0000-0000-0000-000000000000', 'cd7559d5-e97f-492b-987f-c954c6d417a3', '{"action":"login","actor_id":"50211385-86c1-43ee-b034-4c69a442b3df","actor_name":"dominick hill","actor_username":"fiveminsaway@gmail.com","actor_via_sso":false,"log_type":"account","traits":{"provider_type":"email"}}', '2025-05-13 17:28:57.872658+00', ''),
	('00000000-0000-0000-0000-000000000000', '4bc93a92-c75b-4264-b911-f0b416fdc06e', '{"action":"token_refreshed","actor_id":"50211385-86c1-43ee-b034-4c69a442b3df","actor_name":"dominick hill","actor_username":"fiveminsaway@gmail.com","actor_via_sso":false,"log_type":"token"}', '2025-05-13 18:31:22.511768+00', ''),
	('00000000-0000-0000-0000-000000000000', '2ea77437-d1cf-4802-9806-5739db3d0cf5', '{"action":"token_revoked","actor_id":"50211385-86c1-43ee-b034-4c69a442b3df","actor_name":"dominick hill","actor_username":"fiveminsaway@gmail.com","actor_via_sso":false,"log_type":"token"}', '2025-05-13 18:31:22.514828+00', ''),
	('00000000-0000-0000-0000-000000000000', 'acd303bd-aa34-4371-9fd2-cb759ee6cbc8', '{"action":"token_refreshed","actor_id":"50211385-86c1-43ee-b034-4c69a442b3df","actor_name":"dominick hill","actor_username":"fiveminsaway@gmail.com","actor_via_sso":false,"log_type":"token"}', '2025-05-13 19:29:59.648594+00', ''),
	('00000000-0000-0000-0000-000000000000', '3fc1fa4a-8bfa-4b68-a7af-680dd59e68ca', '{"action":"token_revoked","actor_id":"50211385-86c1-43ee-b034-4c69a442b3df","actor_name":"dominick hill","actor_username":"fiveminsaway@gmail.com","actor_via_sso":false,"log_type":"token"}', '2025-05-13 19:29:59.656193+00', ''),
	('00000000-0000-0000-0000-000000000000', '61c59d9e-8cc7-4528-91c1-847d01faad83', '{"action":"token_refreshed","actor_id":"50211385-86c1-43ee-b034-4c69a442b3df","actor_name":"dominick hill","actor_username":"fiveminsaway@gmail.com","actor_via_sso":false,"log_type":"token"}', '2025-05-13 20:40:17.369727+00', ''),
	('00000000-0000-0000-0000-000000000000', '1cb84d0a-7953-4dfc-a19f-f55f6294eb8d', '{"action":"token_revoked","actor_id":"50211385-86c1-43ee-b034-4c69a442b3df","actor_name":"dominick hill","actor_username":"fiveminsaway@gmail.com","actor_via_sso":false,"log_type":"token"}', '2025-05-13 20:40:17.371564+00', ''),
	('00000000-0000-0000-0000-000000000000', 'ffd7b57a-29f1-4ed8-9000-5d4a596c1a36', '{"action":"token_refreshed","actor_id":"50211385-86c1-43ee-b034-4c69a442b3df","actor_name":"dominick hill","actor_username":"fiveminsaway@gmail.com","actor_via_sso":false,"log_type":"token"}', '2025-05-13 21:38:51.270137+00', ''),
	('00000000-0000-0000-0000-000000000000', '4f6aee31-2441-4833-97c2-469aa0716d19', '{"action":"token_revoked","actor_id":"50211385-86c1-43ee-b034-4c69a442b3df","actor_name":"dominick hill","actor_username":"fiveminsaway@gmail.com","actor_via_sso":false,"log_type":"token"}', '2025-05-13 21:38:51.272103+00', ''),
	('00000000-0000-0000-0000-000000000000', 'e68709d9-7ce5-42a7-ba50-1255bfe67270', '{"action":"token_refreshed","actor_id":"50211385-86c1-43ee-b034-4c69a442b3df","actor_name":"dominick hill","actor_username":"fiveminsaway@gmail.com","actor_via_sso":false,"log_type":"token"}', '2025-05-13 23:44:23.607843+00', ''),
	('00000000-0000-0000-0000-000000000000', '443355c0-76bd-44bf-ae24-0b2d3f0edbe0', '{"action":"token_revoked","actor_id":"50211385-86c1-43ee-b034-4c69a442b3df","actor_name":"dominick hill","actor_username":"fiveminsaway@gmail.com","actor_via_sso":false,"log_type":"token"}', '2025-05-13 23:44:23.608623+00', ''),
	('00000000-0000-0000-0000-000000000000', 'fe7cb7d8-8aa9-4da0-8c67-914c995a0ee1', '{"action":"token_refreshed","actor_id":"50211385-86c1-43ee-b034-4c69a442b3df","actor_name":"dominick hill","actor_username":"fiveminsaway@gmail.com","actor_via_sso":false,"log_type":"token"}', '2025-05-14 10:58:19.897211+00', ''),
	('00000000-0000-0000-0000-000000000000', '5f13cbb5-f4b9-46cc-93d6-1ff61a2c7ece', '{"action":"token_revoked","actor_id":"50211385-86c1-43ee-b034-4c69a442b3df","actor_name":"dominick hill","actor_username":"fiveminsaway@gmail.com","actor_via_sso":false,"log_type":"token"}', '2025-05-14 10:58:19.907309+00', ''),
	('00000000-0000-0000-0000-000000000000', '65269b19-a92e-408c-a207-81bac8cde15e', '{"action":"token_refreshed","actor_id":"50211385-86c1-43ee-b034-4c69a442b3df","actor_name":"dominick hill","actor_username":"fiveminsaway@gmail.com","actor_via_sso":false,"log_type":"token"}', '2025-05-15 22:18:12.874362+00', ''),
	('00000000-0000-0000-0000-000000000000', 'a9bc2603-61c2-497b-a36b-4dacd71691de', '{"action":"token_revoked","actor_id":"50211385-86c1-43ee-b034-4c69a442b3df","actor_name":"dominick hill","actor_username":"fiveminsaway@gmail.com","actor_via_sso":false,"log_type":"token"}', '2025-05-15 22:18:12.883488+00', ''),
	('00000000-0000-0000-0000-000000000000', '20861aa3-9ffe-4bbc-9200-180d0ef1ddbc', '{"action":"token_refreshed","actor_id":"50211385-86c1-43ee-b034-4c69a442b3df","actor_name":"dominick hill","actor_username":"fiveminsaway@gmail.com","actor_via_sso":false,"log_type":"token"}', '2025-05-15 23:23:25.38006+00', ''),
	('00000000-0000-0000-0000-000000000000', '6c52e051-56d3-46e0-b5c2-914589e2d44f', '{"action":"token_revoked","actor_id":"50211385-86c1-43ee-b034-4c69a442b3df","actor_name":"dominick hill","actor_username":"fiveminsaway@gmail.com","actor_via_sso":false,"log_type":"token"}', '2025-05-15 23:23:25.382129+00', ''),
	('00000000-0000-0000-0000-000000000000', '702cab82-c33b-4813-a38d-941c5fe18ff3', '{"action":"token_refreshed","actor_id":"50211385-86c1-43ee-b034-4c69a442b3df","actor_name":"dominick hill","actor_username":"fiveminsaway@gmail.com","actor_via_sso":false,"log_type":"token"}', '2025-05-16 00:23:28.391227+00', ''),
	('00000000-0000-0000-0000-000000000000', 'f41f94da-5084-4f0c-bd47-fe3c17a968fb', '{"action":"token_revoked","actor_id":"50211385-86c1-43ee-b034-4c69a442b3df","actor_name":"dominick hill","actor_username":"fiveminsaway@gmail.com","actor_via_sso":false,"log_type":"token"}', '2025-05-16 00:23:28.395459+00', ''),
	('00000000-0000-0000-0000-000000000000', 'a8cf1fe0-350d-4fbd-bc5d-70e141dae55c', '{"action":"token_refreshed","actor_id":"50211385-86c1-43ee-b034-4c69a442b3df","actor_name":"dominick hill","actor_username":"fiveminsaway@gmail.com","actor_via_sso":false,"log_type":"token"}', '2025-05-16 00:23:28.432494+00', ''),
	('00000000-0000-0000-0000-000000000000', 'daa99a16-27c5-4af1-b34d-0e3300c30d42', '{"action":"token_refreshed","actor_id":"50211385-86c1-43ee-b034-4c69a442b3df","actor_name":"dominick hill","actor_username":"fiveminsaway@gmail.com","actor_via_sso":false,"log_type":"token"}', '2025-05-16 05:10:49.257466+00', ''),
	('00000000-0000-0000-0000-000000000000', '46d5fec6-ee6e-4d57-bab4-332b07f529ad', '{"action":"token_revoked","actor_id":"50211385-86c1-43ee-b034-4c69a442b3df","actor_name":"dominick hill","actor_username":"fiveminsaway@gmail.com","actor_via_sso":false,"log_type":"token"}', '2025-05-16 05:10:49.260341+00', ''),
	('00000000-0000-0000-0000-000000000000', 'ff4383e9-bcde-4c2e-a1d4-ecd4f4769d52', '{"action":"logout","actor_id":"50211385-86c1-43ee-b034-4c69a442b3df","actor_name":"dominick hill","actor_username":"fiveminsaway@gmail.com","actor_via_sso":false,"log_type":"account"}', '2025-05-16 05:27:26.142328+00', ''),
	('00000000-0000-0000-0000-000000000000', 'c0c9a0c3-71f2-4f35-8a6c-af0204f0e434', '{"action":"login","actor_id":"e6ce2b90-f7e7-4c34-bee5-ad3c5760ff04","actor_username":"dominickjerell@gmail.com","actor_via_sso":false,"log_type":"account","traits":{"provider":"email"}}', '2025-05-20 01:00:21.858776+00', ''),
	('00000000-0000-0000-0000-000000000000', '6b6c66dc-cc0e-45ec-8e4c-7e7145ce4f8c', '{"action":"token_refreshed","actor_id":"e6ce2b90-f7e7-4c34-bee5-ad3c5760ff04","actor_username":"dominickjerell@gmail.com","actor_via_sso":false,"log_type":"token"}', '2025-05-20 02:00:52.323494+00', ''),
	('00000000-0000-0000-0000-000000000000', '20bb2c45-7396-4185-837c-e5d997c0207f', '{"action":"token_revoked","actor_id":"e6ce2b90-f7e7-4c34-bee5-ad3c5760ff04","actor_username":"dominickjerell@gmail.com","actor_via_sso":false,"log_type":"token"}', '2025-05-20 02:00:52.327019+00', ''),
	('00000000-0000-0000-0000-000000000000', 'a1d1b544-3569-43ee-9993-82b93af5b156', '{"action":"token_refreshed","actor_id":"e6ce2b90-f7e7-4c34-bee5-ad3c5760ff04","actor_username":"dominickjerell@gmail.com","actor_via_sso":false,"log_type":"token"}', '2025-05-20 03:12:28.096547+00', ''),
	('00000000-0000-0000-0000-000000000000', '3e1d229f-56fd-43f6-afbd-88f60b577b21', '{"action":"token_revoked","actor_id":"e6ce2b90-f7e7-4c34-bee5-ad3c5760ff04","actor_username":"dominickjerell@gmail.com","actor_via_sso":false,"log_type":"token"}', '2025-05-20 03:12:28.105513+00', ''),
	('00000000-0000-0000-0000-000000000000', '275981fb-72bd-4567-8e03-fbb59200b669', '{"action":"token_refreshed","actor_id":"e6ce2b90-f7e7-4c34-bee5-ad3c5760ff04","actor_username":"dominickjerell@gmail.com","actor_via_sso":false,"log_type":"token"}', '2025-05-20 14:53:28.740335+00', ''),
	('00000000-0000-0000-0000-000000000000', '29aa43c7-a579-4aba-848a-3e0a89ed338e', '{"action":"token_revoked","actor_id":"e6ce2b90-f7e7-4c34-bee5-ad3c5760ff04","actor_username":"dominickjerell@gmail.com","actor_via_sso":false,"log_type":"token"}', '2025-05-20 14:53:28.748696+00', ''),
	('00000000-0000-0000-0000-000000000000', 'eed300ab-8c82-4bfe-8325-d330fdf86dec', '{"action":"token_refreshed","actor_id":"e6ce2b90-f7e7-4c34-bee5-ad3c5760ff04","actor_username":"dominickjerell@gmail.com","actor_via_sso":false,"log_type":"token"}', '2025-05-20 16:04:01.001182+00', ''),
	('00000000-0000-0000-0000-000000000000', 'c14912d8-263a-4b59-926d-0a9055855594', '{"action":"token_revoked","actor_id":"e6ce2b90-f7e7-4c34-bee5-ad3c5760ff04","actor_username":"dominickjerell@gmail.com","actor_via_sso":false,"log_type":"token"}', '2025-05-20 16:04:01.003749+00', ''),
	('00000000-0000-0000-0000-000000000000', '327e7fc1-af75-4d06-ad7b-e747d4c104b9', '{"action":"token_refreshed","actor_id":"e6ce2b90-f7e7-4c34-bee5-ad3c5760ff04","actor_username":"dominickjerell@gmail.com","actor_via_sso":false,"log_type":"token"}', '2025-05-20 17:03:22.603362+00', ''),
	('00000000-0000-0000-0000-000000000000', 'b6c85e57-1181-4b53-93c4-9c8adc1066e3', '{"action":"token_revoked","actor_id":"e6ce2b90-f7e7-4c34-bee5-ad3c5760ff04","actor_username":"dominickjerell@gmail.com","actor_via_sso":false,"log_type":"token"}', '2025-05-20 17:03:22.606516+00', ''),
	('00000000-0000-0000-0000-000000000000', '6ba64c1d-b83f-4e01-a13d-6f90a77740db', '{"action":"token_refreshed","actor_id":"e6ce2b90-f7e7-4c34-bee5-ad3c5760ff04","actor_username":"dominickjerell@gmail.com","actor_via_sso":false,"log_type":"token"}', '2025-05-20 18:01:48.630083+00', ''),
	('00000000-0000-0000-0000-000000000000', 'ac4a31d4-2a8f-490d-b103-8f2eb53e99ba', '{"action":"token_revoked","actor_id":"e6ce2b90-f7e7-4c34-bee5-ad3c5760ff04","actor_username":"dominickjerell@gmail.com","actor_via_sso":false,"log_type":"token"}', '2025-05-20 18:01:48.633012+00', ''),
	('00000000-0000-0000-0000-000000000000', '0911d415-c839-4c79-b368-0a6431031b5d', '{"action":"token_refreshed","actor_id":"e6ce2b90-f7e7-4c34-bee5-ad3c5760ff04","actor_username":"dominickjerell@gmail.com","actor_via_sso":false,"log_type":"token"}', '2025-05-20 19:20:55.606362+00', ''),
	('00000000-0000-0000-0000-000000000000', '9fcc6fcb-2e3c-4443-81bd-d35d32c000a9', '{"action":"token_revoked","actor_id":"e6ce2b90-f7e7-4c34-bee5-ad3c5760ff04","actor_username":"dominickjerell@gmail.com","actor_via_sso":false,"log_type":"token"}', '2025-05-20 19:20:55.609813+00', ''),
	('00000000-0000-0000-0000-000000000000', '1577e0c2-6f6d-4395-b8ae-f5625efdf831', '{"action":"token_refreshed","actor_id":"e6ce2b90-f7e7-4c34-bee5-ad3c5760ff04","actor_username":"dominickjerell@gmail.com","actor_via_sso":false,"log_type":"token"}', '2025-05-20 21:48:09.974483+00', ''),
	('00000000-0000-0000-0000-000000000000', 'bb244c72-8576-4ac8-bdaf-c0c05a069876', '{"action":"token_revoked","actor_id":"e6ce2b90-f7e7-4c34-bee5-ad3c5760ff04","actor_username":"dominickjerell@gmail.com","actor_via_sso":false,"log_type":"token"}', '2025-05-20 21:48:09.978796+00', ''),
	('00000000-0000-0000-0000-000000000000', '14315baf-f09a-4bb1-9615-93e966fc171c', '{"action":"token_refreshed","actor_id":"e6ce2b90-f7e7-4c34-bee5-ad3c5760ff04","actor_username":"dominickjerell@gmail.com","actor_via_sso":false,"log_type":"token"}', '2025-05-20 22:46:25.990351+00', ''),
	('00000000-0000-0000-0000-000000000000', '723aaa86-84db-4651-841d-93c434797bfd', '{"action":"token_revoked","actor_id":"e6ce2b90-f7e7-4c34-bee5-ad3c5760ff04","actor_username":"dominickjerell@gmail.com","actor_via_sso":false,"log_type":"token"}', '2025-05-20 22:46:25.994776+00', ''),
	('00000000-0000-0000-0000-000000000000', 'e41d5a87-6793-46a3-ae84-537d25b07b13', '{"action":"token_refreshed","actor_id":"e6ce2b90-f7e7-4c34-bee5-ad3c5760ff04","actor_username":"dominickjerell@gmail.com","actor_via_sso":false,"log_type":"token"}', '2025-05-20 23:45:21.898231+00', ''),
	('00000000-0000-0000-0000-000000000000', '7cc9b470-0b2f-4a29-b658-949efe5e479f', '{"action":"token_revoked","actor_id":"e6ce2b90-f7e7-4c34-bee5-ad3c5760ff04","actor_username":"dominickjerell@gmail.com","actor_via_sso":false,"log_type":"token"}', '2025-05-20 23:45:21.901351+00', ''),
	('00000000-0000-0000-0000-000000000000', 'bb2f74d8-e6d5-46af-a6ed-87fac21736e0', '{"action":"token_refreshed","actor_id":"e6ce2b90-f7e7-4c34-bee5-ad3c5760ff04","actor_username":"dominickjerell@gmail.com","actor_via_sso":false,"log_type":"token"}', '2025-05-21 00:43:47.975811+00', ''),
	('00000000-0000-0000-0000-000000000000', 'daa368b5-44b6-4fb9-adf6-373f194e2194', '{"action":"token_revoked","actor_id":"e6ce2b90-f7e7-4c34-bee5-ad3c5760ff04","actor_username":"dominickjerell@gmail.com","actor_via_sso":false,"log_type":"token"}', '2025-05-21 00:43:47.979041+00', ''),
	('00000000-0000-0000-0000-000000000000', '578e4edf-2d0a-4dff-9b7e-38785e1a910a', '{"action":"token_refreshed","actor_id":"e6ce2b90-f7e7-4c34-bee5-ad3c5760ff04","actor_username":"dominickjerell@gmail.com","actor_via_sso":false,"log_type":"token"}', '2025-05-21 01:42:42.408968+00', ''),
	('00000000-0000-0000-0000-000000000000', '3f50d4b6-c91b-4b9a-a969-e4b5a4980142', '{"action":"token_revoked","actor_id":"e6ce2b90-f7e7-4c34-bee5-ad3c5760ff04","actor_username":"dominickjerell@gmail.com","actor_via_sso":false,"log_type":"token"}', '2025-05-21 01:42:42.41219+00', ''),
	('00000000-0000-0000-0000-000000000000', '0247354c-df9e-4a9f-98ce-7a8fec5862a9', '{"action":"token_refreshed","actor_id":"e6ce2b90-f7e7-4c34-bee5-ad3c5760ff04","actor_username":"dominickjerell@gmail.com","actor_via_sso":false,"log_type":"token"}', '2025-05-21 02:51:02.946895+00', ''),
	('00000000-0000-0000-0000-000000000000', '8a508135-c131-4c76-b4c6-c38acc836e43', '{"action":"token_revoked","actor_id":"e6ce2b90-f7e7-4c34-bee5-ad3c5760ff04","actor_username":"dominickjerell@gmail.com","actor_via_sso":false,"log_type":"token"}', '2025-05-21 02:51:02.950075+00', ''),
	('00000000-0000-0000-0000-000000000000', '8333a82d-774b-4b57-a0fd-cb9545fb7f09', '{"action":"token_refreshed","actor_id":"e6ce2b90-f7e7-4c34-bee5-ad3c5760ff04","actor_username":"dominickjerell@gmail.com","actor_via_sso":false,"log_type":"token"}', '2025-05-21 03:49:46.198326+00', ''),
	('00000000-0000-0000-0000-000000000000', '8b975523-7f01-4ff1-9b4e-324cc2fb5946', '{"action":"token_revoked","actor_id":"e6ce2b90-f7e7-4c34-bee5-ad3c5760ff04","actor_username":"dominickjerell@gmail.com","actor_via_sso":false,"log_type":"token"}', '2025-05-21 03:49:46.200302+00', ''),
	('00000000-0000-0000-0000-000000000000', 'a969940a-9bd2-4507-857c-952436754ac9', '{"action":"token_refreshed","actor_id":"e6ce2b90-f7e7-4c34-bee5-ad3c5760ff04","actor_username":"dominickjerell@gmail.com","actor_via_sso":false,"log_type":"token"}', '2025-05-21 04:48:31.096803+00', ''),
	('00000000-0000-0000-0000-000000000000', '7f1f59d7-e8bf-4f81-9bd7-9a33fdd3b3aa', '{"action":"token_revoked","actor_id":"e6ce2b90-f7e7-4c34-bee5-ad3c5760ff04","actor_username":"dominickjerell@gmail.com","actor_via_sso":false,"log_type":"token"}', '2025-05-21 04:48:31.098805+00', ''),
	('00000000-0000-0000-0000-000000000000', '3a1da856-83f9-4b8e-8f67-436d03c39aa9', '{"action":"token_refreshed","actor_id":"e6ce2b90-f7e7-4c34-bee5-ad3c5760ff04","actor_username":"dominickjerell@gmail.com","actor_via_sso":false,"log_type":"token"}', '2025-05-21 05:48:05.9358+00', ''),
	('00000000-0000-0000-0000-000000000000', 'f560e002-a029-4560-8063-a7a6c6b3d55f', '{"action":"token_revoked","actor_id":"e6ce2b90-f7e7-4c34-bee5-ad3c5760ff04","actor_username":"dominickjerell@gmail.com","actor_via_sso":false,"log_type":"token"}', '2025-05-21 05:48:05.936565+00', ''),
	('00000000-0000-0000-0000-000000000000', 'd5649479-d110-40e9-b8cb-54657b0d24ef', '{"action":"token_refreshed","actor_id":"e6ce2b90-f7e7-4c34-bee5-ad3c5760ff04","actor_username":"dominickjerell@gmail.com","actor_via_sso":false,"log_type":"token"}', '2025-05-21 06:46:52.695056+00', ''),
	('00000000-0000-0000-0000-000000000000', '8f2d8d10-5a62-449f-a8da-17a7a995e0c9', '{"action":"token_revoked","actor_id":"e6ce2b90-f7e7-4c34-bee5-ad3c5760ff04","actor_username":"dominickjerell@gmail.com","actor_via_sso":false,"log_type":"token"}', '2025-05-21 06:46:52.695868+00', ''),
	('00000000-0000-0000-0000-000000000000', '8d50f6ec-73e4-409b-ae7c-0f4282497b36', '{"action":"token_refreshed","actor_id":"e6ce2b90-f7e7-4c34-bee5-ad3c5760ff04","actor_username":"dominickjerell@gmail.com","actor_via_sso":false,"log_type":"token"}', '2025-05-21 07:48:23.822152+00', ''),
	('00000000-0000-0000-0000-000000000000', '57df41e2-4838-4ffe-8912-1cfaf27e2bb1', '{"action":"token_revoked","actor_id":"e6ce2b90-f7e7-4c34-bee5-ad3c5760ff04","actor_username":"dominickjerell@gmail.com","actor_via_sso":false,"log_type":"token"}', '2025-05-21 07:48:23.82809+00', ''),
	('00000000-0000-0000-0000-000000000000', 'ebb2687d-43fd-4898-b64e-bc7f135d17a0', '{"action":"token_refreshed","actor_id":"e6ce2b90-f7e7-4c34-bee5-ad3c5760ff04","actor_username":"dominickjerell@gmail.com","actor_via_sso":false,"log_type":"token"}', '2025-05-21 08:48:48.892615+00', ''),
	('00000000-0000-0000-0000-000000000000', '611fa685-9976-497a-b528-13321a6d4c42', '{"action":"token_revoked","actor_id":"e6ce2b90-f7e7-4c34-bee5-ad3c5760ff04","actor_username":"dominickjerell@gmail.com","actor_via_sso":false,"log_type":"token"}', '2025-05-21 08:48:48.895498+00', ''),
	('00000000-0000-0000-0000-000000000000', '840e8b4f-1d31-4173-b37b-72f1c0ecd8a0', '{"action":"token_refreshed","actor_id":"e6ce2b90-f7e7-4c34-bee5-ad3c5760ff04","actor_username":"dominickjerell@gmail.com","actor_via_sso":false,"log_type":"token"}', '2025-05-21 09:47:58.027227+00', ''),
	('00000000-0000-0000-0000-000000000000', '7c315345-940a-4555-95a9-4fda103e200f', '{"action":"token_revoked","actor_id":"e6ce2b90-f7e7-4c34-bee5-ad3c5760ff04","actor_username":"dominickjerell@gmail.com","actor_via_sso":false,"log_type":"token"}', '2025-05-21 09:47:58.030223+00', ''),
	('00000000-0000-0000-0000-000000000000', '3ff7306c-8a79-4782-b965-77662bedea28', '{"action":"token_refreshed","actor_id":"e6ce2b90-f7e7-4c34-bee5-ad3c5760ff04","actor_username":"dominickjerell@gmail.com","actor_via_sso":false,"log_type":"token"}', '2025-05-21 10:46:44.097933+00', ''),
	('00000000-0000-0000-0000-000000000000', '9c54b3df-d2d5-443d-9d6a-ef05319c7fc1', '{"action":"token_revoked","actor_id":"e6ce2b90-f7e7-4c34-bee5-ad3c5760ff04","actor_username":"dominickjerell@gmail.com","actor_via_sso":false,"log_type":"token"}', '2025-05-21 10:46:44.100802+00', ''),
	('00000000-0000-0000-0000-000000000000', '1c263b92-74cb-4fcf-a756-2fc546baeb8f', '{"action":"token_refreshed","actor_id":"e6ce2b90-f7e7-4c34-bee5-ad3c5760ff04","actor_username":"dominickjerell@gmail.com","actor_via_sso":false,"log_type":"token"}', '2025-05-21 11:45:17.087348+00', ''),
	('00000000-0000-0000-0000-000000000000', '62108d72-68fc-4441-957c-3806f123e335', '{"action":"token_revoked","actor_id":"e6ce2b90-f7e7-4c34-bee5-ad3c5760ff04","actor_username":"dominickjerell@gmail.com","actor_via_sso":false,"log_type":"token"}', '2025-05-21 11:45:17.090288+00', ''),
	('00000000-0000-0000-0000-000000000000', 'f1a0d23f-fb35-4bf6-889e-bf570cb798f8', '{"action":"token_refreshed","actor_id":"e6ce2b90-f7e7-4c34-bee5-ad3c5760ff04","actor_username":"dominickjerell@gmail.com","actor_via_sso":false,"log_type":"token"}', '2025-05-21 12:44:27.240849+00', ''),
	('00000000-0000-0000-0000-000000000000', 'bf2aac03-d8a8-4b35-9169-a41cdd777a09', '{"action":"token_revoked","actor_id":"e6ce2b90-f7e7-4c34-bee5-ad3c5760ff04","actor_username":"dominickjerell@gmail.com","actor_via_sso":false,"log_type":"token"}', '2025-05-21 12:44:27.243992+00', ''),
	('00000000-0000-0000-0000-000000000000', '10ba15d6-b277-4a51-be8d-c04d24c85595', '{"action":"token_refreshed","actor_id":"e6ce2b90-f7e7-4c34-bee5-ad3c5760ff04","actor_username":"dominickjerell@gmail.com","actor_via_sso":false,"log_type":"token"}', '2025-05-21 13:47:55.084975+00', ''),
	('00000000-0000-0000-0000-000000000000', '6aefbbee-0be6-434c-9d75-418b20e60dc2', '{"action":"token_revoked","actor_id":"e6ce2b90-f7e7-4c34-bee5-ad3c5760ff04","actor_username":"dominickjerell@gmail.com","actor_via_sso":false,"log_type":"token"}', '2025-05-21 13:47:55.087655+00', ''),
	('00000000-0000-0000-0000-000000000000', 'b7b5ee44-72f4-466a-a79d-a49fef5885c4', '{"action":"token_refreshed","actor_id":"e6ce2b90-f7e7-4c34-bee5-ad3c5760ff04","actor_username":"dominickjerell@gmail.com","actor_via_sso":false,"log_type":"token"}', '2025-05-22 01:36:17.005009+00', ''),
	('00000000-0000-0000-0000-000000000000', '60cad7ab-3b25-4b68-b547-637299253948', '{"action":"token_revoked","actor_id":"e6ce2b90-f7e7-4c34-bee5-ad3c5760ff04","actor_username":"dominickjerell@gmail.com","actor_via_sso":false,"log_type":"token"}', '2025-05-22 01:36:17.022426+00', ''),
	('00000000-0000-0000-0000-000000000000', 'c5d752a6-66a9-4084-8f7f-98668c735365', '{"action":"login","actor_id":"e6ce2b90-f7e7-4c34-bee5-ad3c5760ff04","actor_username":"dominickjerell@gmail.com","actor_via_sso":false,"log_type":"account","traits":{"provider":"email"}}', '2025-05-22 15:14:35.080444+00', ''),
	('00000000-0000-0000-0000-000000000000', '1a48098e-a1cb-4cd6-8373-44124a15b324', '{"action":"token_refreshed","actor_id":"e6ce2b90-f7e7-4c34-bee5-ad3c5760ff04","actor_username":"dominickjerell@gmail.com","actor_via_sso":false,"log_type":"token"}', '2025-05-22 16:13:34.317135+00', ''),
	('00000000-0000-0000-0000-000000000000', 'c387a09a-fd20-46c3-acdf-b9eabfff8736', '{"action":"token_revoked","actor_id":"e6ce2b90-f7e7-4c34-bee5-ad3c5760ff04","actor_username":"dominickjerell@gmail.com","actor_via_sso":false,"log_type":"token"}', '2025-05-22 16:13:34.321133+00', ''),
	('00000000-0000-0000-0000-000000000000', '8c35f9ad-d97e-4c85-99a2-443fe4667c5f', '{"action":"logout","actor_id":"e6ce2b90-f7e7-4c34-bee5-ad3c5760ff04","actor_username":"dominickjerell@gmail.com","actor_via_sso":false,"log_type":"account"}', '2025-05-22 16:38:34.46856+00', ''),
	('00000000-0000-0000-0000-000000000000', '757c890e-bc7f-46bb-859d-f64debedaa16', '{"action":"login","actor_id":"50211385-86c1-43ee-b034-4c69a442b3df","actor_name":"dominick hill","actor_username":"fiveminsaway@gmail.com","actor_via_sso":false,"log_type":"account","traits":{"provider":"email"}}', '2025-05-22 16:38:56.421175+00', ''),
	('00000000-0000-0000-0000-000000000000', '8478f2b3-cdcb-4e46-905e-5df08049634e', '{"action":"login","actor_id":"e6ce2b90-f7e7-4c34-bee5-ad3c5760ff04","actor_username":"dominickjerell@gmail.com","actor_via_sso":false,"log_type":"account","traits":{"provider":"email"}}', '2025-05-22 17:34:56.777788+00', ''),
	('00000000-0000-0000-0000-000000000000', 'd9bb9248-a163-4608-9b37-8000197ce2c3', '{"action":"token_refreshed","actor_id":"50211385-86c1-43ee-b034-4c69a442b3df","actor_name":"dominick hill","actor_username":"fiveminsaway@gmail.com","actor_via_sso":false,"log_type":"token"}', '2025-05-22 17:38:22.043895+00', ''),
	('00000000-0000-0000-0000-000000000000', '28e0d70b-4a90-43e4-ac93-18cf66b301d2', '{"action":"token_revoked","actor_id":"50211385-86c1-43ee-b034-4c69a442b3df","actor_name":"dominick hill","actor_username":"fiveminsaway@gmail.com","actor_via_sso":false,"log_type":"token"}', '2025-05-22 17:38:22.046477+00', ''),
	('00000000-0000-0000-0000-000000000000', 'b173e205-2aeb-4965-9c9e-8a80bf518b5f', '{"action":"token_refreshed","actor_id":"e6ce2b90-f7e7-4c34-bee5-ad3c5760ff04","actor_username":"dominickjerell@gmail.com","actor_via_sso":false,"log_type":"token"}', '2025-05-22 18:33:53.947814+00', ''),
	('00000000-0000-0000-0000-000000000000', 'aec3ec5a-2382-47bf-9a56-dc108c72056b', '{"action":"token_revoked","actor_id":"e6ce2b90-f7e7-4c34-bee5-ad3c5760ff04","actor_username":"dominickjerell@gmail.com","actor_via_sso":false,"log_type":"token"}', '2025-05-22 18:33:53.949398+00', ''),
	('00000000-0000-0000-0000-000000000000', '5b626179-2a41-427b-abac-70e4ad325bce', '{"action":"token_refreshed","actor_id":"50211385-86c1-43ee-b034-4c69a442b3df","actor_name":"dominick hill","actor_username":"fiveminsaway@gmail.com","actor_via_sso":false,"log_type":"token"}', '2025-05-22 18:37:03.903722+00', ''),
	('00000000-0000-0000-0000-000000000000', 'ead8a54b-fad1-4af9-928d-dcfe8f6c5683', '{"action":"token_revoked","actor_id":"50211385-86c1-43ee-b034-4c69a442b3df","actor_name":"dominick hill","actor_username":"fiveminsaway@gmail.com","actor_via_sso":false,"log_type":"token"}', '2025-05-22 18:37:03.904477+00', ''),
	('00000000-0000-0000-0000-000000000000', '99dea4d9-6676-45ce-a397-05036ce361a3', '{"action":"token_refreshed","actor_id":"50211385-86c1-43ee-b034-4c69a442b3df","actor_name":"dominick hill","actor_username":"fiveminsaway@gmail.com","actor_via_sso":false,"log_type":"token"}', '2025-05-22 19:36:28.212629+00', ''),
	('00000000-0000-0000-0000-000000000000', '751b9113-c2f1-4e32-bbe6-da7f502b6cf5', '{"action":"token_revoked","actor_id":"50211385-86c1-43ee-b034-4c69a442b3df","actor_name":"dominick hill","actor_username":"fiveminsaway@gmail.com","actor_via_sso":false,"log_type":"token"}', '2025-05-22 19:36:28.215499+00', ''),
	('00000000-0000-0000-0000-000000000000', '140a9bdf-6871-472f-b6f1-f5b5352fe524', '{"action":"token_refreshed","actor_id":"50211385-86c1-43ee-b034-4c69a442b3df","actor_name":"dominick hill","actor_username":"fiveminsaway@gmail.com","actor_via_sso":false,"log_type":"token"}', '2025-05-22 20:35:04.12094+00', ''),
	('00000000-0000-0000-0000-000000000000', 'c2da9d66-51e7-4b1a-9165-8f414c0b6341', '{"action":"token_revoked","actor_id":"50211385-86c1-43ee-b034-4c69a442b3df","actor_name":"dominick hill","actor_username":"fiveminsaway@gmail.com","actor_via_sso":false,"log_type":"token"}', '2025-05-22 20:35:04.124865+00', ''),
	('00000000-0000-0000-0000-000000000000', '7198ae1e-a13a-48df-914b-b211238bcaab', '{"action":"token_refreshed","actor_id":"50211385-86c1-43ee-b034-4c69a442b3df","actor_name":"dominick hill","actor_username":"fiveminsaway@gmail.com","actor_via_sso":false,"log_type":"token"}', '2025-05-22 21:34:04.207943+00', ''),
	('00000000-0000-0000-0000-000000000000', '4ad068d0-cb2e-439d-8874-2e85c49f74b7', '{"action":"token_revoked","actor_id":"50211385-86c1-43ee-b034-4c69a442b3df","actor_name":"dominick hill","actor_username":"fiveminsaway@gmail.com","actor_via_sso":false,"log_type":"token"}', '2025-05-22 21:34:04.2102+00', ''),
	('00000000-0000-0000-0000-000000000000', 'db59a524-dce7-49f1-8c54-5b258bcede7a', '{"action":"token_refreshed","actor_id":"50211385-86c1-43ee-b034-4c69a442b3df","actor_name":"dominick hill","actor_username":"fiveminsaway@gmail.com","actor_via_sso":false,"log_type":"token"}', '2025-05-22 22:33:28.204514+00', ''),
	('00000000-0000-0000-0000-000000000000', '08279b9d-d2bf-4da4-af48-741f3c9bc2ec', '{"action":"token_revoked","actor_id":"50211385-86c1-43ee-b034-4c69a442b3df","actor_name":"dominick hill","actor_username":"fiveminsaway@gmail.com","actor_via_sso":false,"log_type":"token"}', '2025-05-22 22:33:28.205323+00', '');


--
-- Data for Name: flow_state; Type: TABLE DATA; Schema: auth; Owner: supabase_auth_admin
--



--
-- Data for Name: users; Type: TABLE DATA; Schema: auth; Owner: supabase_auth_admin
--

INSERT INTO "auth"."users" ("instance_id", "id", "aud", "role", "email", "encrypted_password", "email_confirmed_at", "invited_at", "confirmation_token", "confirmation_sent_at", "recovery_token", "recovery_sent_at", "email_change_token_new", "email_change", "email_change_sent_at", "last_sign_in_at", "raw_app_meta_data", "raw_user_meta_data", "is_super_admin", "created_at", "updated_at", "phone", "phone_confirmed_at", "phone_change", "phone_change_token", "phone_change_sent_at", "email_change_token_current", "email_change_confirm_status", "banned_until", "reauthentication_token", "reauthentication_sent_at", "is_sso_user", "deleted_at", "is_anonymous") VALUES
	('00000000-0000-0000-0000-000000000000', 'e6ce2b90-f7e7-4c34-bee5-ad3c5760ff04', 'authenticated', 'authenticated', 'dominickjerell@gmail.com', '$2a$10$RolNnzEEUmSQGPsbBI0QaOgPSQzHDz78RJNk6nUveUwsziUCAsi4.', '2025-05-05 21:07:20.656481+00', NULL, '', '2025-05-05 21:04:24.278545+00', '', NULL, '', '', NULL, '2025-05-22 17:34:56.78087+00', '{"provider": "email", "providers": ["email"]}', '{"sub": "e6ce2b90-f7e7-4c34-bee5-ad3c5760ff04", "email": "dominickjerell@gmail.com", "email_verified": true, "phone_verified": false}', NULL, '2025-05-05 21:04:24.23705+00', '2025-05-22 18:33:53.951591+00', NULL, NULL, '', '', NULL, '', 0, NULL, '', NULL, false, NULL, false),
	('00000000-0000-0000-0000-000000000000', '50211385-86c1-43ee-b034-4c69a442b3df', 'authenticated', 'authenticated', 'fiveminsaway@gmail.com', '$2a$10$ezJQFazGJgtRta2HDON1M.ZhQlA5nmp2MWEVLNWV95TpoGIzdIi3m', '2025-05-13 17:28:56.976689+00', NULL, '', '2025-05-13 17:28:41.757858+00', '', NULL, '', '', NULL, '2025-05-22 16:38:56.424501+00', '{"provider": "email", "providers": ["email"]}', '{"sub": "50211385-86c1-43ee-b034-4c69a442b3df", "email": "fiveminsaway@gmail.com", "company": "", "full_name": "dominick hill", "email_verified": true, "phone_verified": false}', NULL, '2025-05-13 17:28:41.725284+00', '2025-05-22 22:33:28.210314+00', NULL, NULL, '', '', NULL, '', 0, NULL, '', NULL, false, NULL, false);


--
-- Data for Name: identities; Type: TABLE DATA; Schema: auth; Owner: supabase_auth_admin
--

INSERT INTO "auth"."identities" ("provider_id", "user_id", "identity_data", "provider", "last_sign_in_at", "created_at", "updated_at", "id") VALUES
	('e6ce2b90-f7e7-4c34-bee5-ad3c5760ff04', 'e6ce2b90-f7e7-4c34-bee5-ad3c5760ff04', '{"sub": "e6ce2b90-f7e7-4c34-bee5-ad3c5760ff04", "email": "dominickjerell@gmail.com", "email_verified": true, "phone_verified": false}', 'email', '2025-05-05 21:04:24.264807+00', '2025-05-05 21:04:24.265903+00', '2025-05-05 21:04:24.265903+00', 'ba65ff9d-a41b-407d-a0c4-bd085850b3aa'),
	('50211385-86c1-43ee-b034-4c69a442b3df', '50211385-86c1-43ee-b034-4c69a442b3df', '{"sub": "50211385-86c1-43ee-b034-4c69a442b3df", "email": "fiveminsaway@gmail.com", "company": "", "full_name": "dominick hill", "email_verified": true, "phone_verified": false}', 'email', '2025-05-13 17:28:41.74379+00', '2025-05-13 17:28:41.743841+00', '2025-05-13 17:28:41.743841+00', '13a3eec8-4215-435f-9825-16f9be518b2b');


--
-- Data for Name: instances; Type: TABLE DATA; Schema: auth; Owner: supabase_auth_admin
--



--
-- Data for Name: sessions; Type: TABLE DATA; Schema: auth; Owner: supabase_auth_admin
--

INSERT INTO "auth"."sessions" ("id", "user_id", "created_at", "updated_at", "factor_id", "aal", "not_after", "refreshed_at", "user_agent", "ip", "tag") VALUES
	('6538a16a-f6e5-4028-a158-ccb983f5dc03', '50211385-86c1-43ee-b034-4c69a442b3df', '2025-05-22 16:38:56.425454+00', '2025-05-22 22:33:28.221969+00', NULL, 'aal1', NULL, '2025-05-22 22:33:28.220324', 'Mozilla/5.0 (Macintosh; Intel Mac OS X 10_15_7) AppleWebKit/537.36 (KHTML, like Gecko) Chrome/136.0.0.0 Safari/537.36', '97.134.42.17', NULL),
	('da59bc2f-d56d-4e57-b5f5-ef4bfbfa781e', 'e6ce2b90-f7e7-4c34-bee5-ad3c5760ff04', '2025-05-22 17:34:56.780953+00', '2025-05-22 18:33:53.952843+00', NULL, 'aal1', NULL, '2025-05-22 18:33:53.952777', 'Mozilla/5.0 (Macintosh; Intel Mac OS X 10_15_7) AppleWebKit/537.36 (KHTML, like Gecko) Chrome/136.0.0.0 Safari/537.36', '97.134.42.17', NULL);


--
-- Data for Name: mfa_amr_claims; Type: TABLE DATA; Schema: auth; Owner: supabase_auth_admin
--

INSERT INTO "auth"."mfa_amr_claims" ("session_id", "created_at", "updated_at", "authentication_method", "id") VALUES
	('6538a16a-f6e5-4028-a158-ccb983f5dc03', '2025-05-22 16:38:56.431386+00', '2025-05-22 16:38:56.431386+00', 'password', 'c6da0b9e-89de-4b6d-b733-1895c1715c93'),
	('da59bc2f-d56d-4e57-b5f5-ef4bfbfa781e', '2025-05-22 17:34:56.785565+00', '2025-05-22 17:34:56.785565+00', 'password', 'ff509872-dc95-4ee7-b8fb-bfed3944125a');


--
-- Data for Name: mfa_factors; Type: TABLE DATA; Schema: auth; Owner: supabase_auth_admin
--



--
-- Data for Name: mfa_challenges; Type: TABLE DATA; Schema: auth; Owner: supabase_auth_admin
--



--
-- Data for Name: one_time_tokens; Type: TABLE DATA; Schema: auth; Owner: supabase_auth_admin
--



--
-- Data for Name: refresh_tokens; Type: TABLE DATA; Schema: auth; Owner: supabase_auth_admin
--

INSERT INTO "auth"."refresh_tokens" ("instance_id", "id", "token", "user_id", "revoked", "created_at", "updated_at", "parent", "session_id") VALUES
	('00000000-0000-0000-0000-000000000000', 101, 'huuehjk2oh7n', '50211385-86c1-43ee-b034-4c69a442b3df', true, '2025-05-22 16:38:56.428294+00', '2025-05-22 17:38:22.046986+00', NULL, '6538a16a-f6e5-4028-a158-ccb983f5dc03'),
	('00000000-0000-0000-0000-000000000000', 102, 'xccuiaj4u57n', 'e6ce2b90-f7e7-4c34-bee5-ad3c5760ff04', true, '2025-05-22 17:34:56.783347+00', '2025-05-22 18:33:53.94992+00', NULL, 'da59bc2f-d56d-4e57-b5f5-ef4bfbfa781e'),
	('00000000-0000-0000-0000-000000000000', 104, '2627lpdcnkuz', 'e6ce2b90-f7e7-4c34-bee5-ad3c5760ff04', false, '2025-05-22 18:33:53.950512+00', '2025-05-22 18:33:53.950512+00', 'xccuiaj4u57n', 'da59bc2f-d56d-4e57-b5f5-ef4bfbfa781e'),
	('00000000-0000-0000-0000-000000000000', 103, 'ph4ozldqzy5n', '50211385-86c1-43ee-b034-4c69a442b3df', true, '2025-05-22 17:38:22.048847+00', '2025-05-22 18:37:03.904956+00', 'huuehjk2oh7n', '6538a16a-f6e5-4028-a158-ccb983f5dc03'),
	('00000000-0000-0000-0000-000000000000', 105, 'dbbui4xlx62q', '50211385-86c1-43ee-b034-4c69a442b3df', true, '2025-05-22 18:37:03.905553+00', '2025-05-22 19:36:28.215996+00', 'ph4ozldqzy5n', '6538a16a-f6e5-4028-a158-ccb983f5dc03'),
	('00000000-0000-0000-0000-000000000000', 106, 'mks34gmklv5j', '50211385-86c1-43ee-b034-4c69a442b3df', true, '2025-05-22 19:36:28.219278+00', '2025-05-22 20:35:04.125426+00', 'dbbui4xlx62q', '6538a16a-f6e5-4028-a158-ccb983f5dc03'),
	('00000000-0000-0000-0000-000000000000', 107, 'db753xptbc55', '50211385-86c1-43ee-b034-4c69a442b3df', true, '2025-05-22 20:35:04.126114+00', '2025-05-22 21:34:04.210758+00', 'mks34gmklv5j', '6538a16a-f6e5-4028-a158-ccb983f5dc03'),
	('00000000-0000-0000-0000-000000000000', 108, 'drrcxgbuefyl', '50211385-86c1-43ee-b034-4c69a442b3df', true, '2025-05-22 21:34:04.212994+00', '2025-05-22 22:33:28.20584+00', 'db753xptbc55', '6538a16a-f6e5-4028-a158-ccb983f5dc03'),
	('00000000-0000-0000-0000-000000000000', 109, '4o3zcjv3u7pk', '50211385-86c1-43ee-b034-4c69a442b3df', false, '2025-05-22 22:33:28.206966+00', '2025-05-22 22:33:28.206966+00', 'drrcxgbuefyl', '6538a16a-f6e5-4028-a158-ccb983f5dc03');


--
-- Data for Name: sso_providers; Type: TABLE DATA; Schema: auth; Owner: supabase_auth_admin
--



--
-- Data for Name: saml_providers; Type: TABLE DATA; Schema: auth; Owner: supabase_auth_admin
--



--
-- Data for Name: saml_relay_states; Type: TABLE DATA; Schema: auth; Owner: supabase_auth_admin
--



--
-- Data for Name: sso_domains; Type: TABLE DATA; Schema: auth; Owner: supabase_auth_admin
--



--
-- Data for Name: administrators; Type: TABLE DATA; Schema: public; Owner: postgres
--



--
-- Data for Name: course_modules; Type: TABLE DATA; Schema: public; Owner: postgres
--

INSERT INTO "public"."course_modules" ("id", "title", "description", "order_index", "created_at", "updated_at") VALUES
	('f7e88541-fcc7-4393-b7fc-37c36aa774f3', 'Equity Fundamentals', 'Learn the basics of equity compensation', 1, '2025-05-22 22:28:47.364864+00', '2025-05-22 22:28:47.364864+00');


--
-- Data for Name: course_lessons; Type: TABLE DATA; Schema: public; Owner: postgres
--

INSERT INTO "public"."course_lessons" ("id", "module_id", "title", "description", "component_name", "order_index", "estimated_time", "key_terms", "created_at", "updated_at") VALUES
	('614c5824-3ed8-47e5-b0e0-3889626afbe5', 'f7e88541-fcc7-4393-b7fc-37c36aa774f3', 'What is Equity Compensation?', 'Learn the fundamentals of equity compensation and why companies offer it.', 'Lesson1WhatIsEquity', 1, '8-10 min', '{equity,compensation,ownership,stakeholder}', '2025-05-22 22:29:47.551479+00', '2025-05-22 22:29:47.551479+00'),
	('1fcfbd81-5e31-46dc-8ac4-25dc40d15d2d', 'f7e88541-fcc7-4393-b7fc-37c36aa774f3', 'Stock Options vs RSUs vs Restricted Stock', 'Compare different types of equity grants and their characteristics.', 'Lesson2EquityTypes', 2, '8-10 min', '{"stock options",ISO,NSO,RSU,"restricted stock"}', '2025-05-22 22:29:47.551479+00', '2025-05-22 22:29:47.551479+00'),
	('9c0b7417-fd68-418d-bc92-14416f9a7029', 'f7e88541-fcc7-4393-b7fc-37c36aa774f3', 'Understanding Vesting Schedules', 'Learn how vesting works and common vesting schedule patterns.', 'Lesson3VestingSchedules', 3, '8-10 min', '{vesting,cliff,acceleration,"milestone-based vesting"}', '2025-05-22 22:29:47.551479+00', '2025-05-22 22:29:47.551479+00'),
	('b78df2d9-9ada-492a-aaf8-4a68c5999a1b', 'f7e88541-fcc7-4393-b7fc-37c36aa774f3', 'Strike Price and Fair Market Value', 'Understand how stock option pricing works and what affects equity value.', 'Lesson4StrikeAndFMV', 4, '8-10 min', '{"strike price","fair market value","409A valuation",spread}', '2025-05-22 22:29:47.551479+00', '2025-05-22 22:29:47.551479+00'),
	('5de9b323-529b-4a1d-8e3d-f025042407ca', 'f7e88541-fcc7-4393-b7fc-37c36aa774f3', 'Basic Tax Implications', 'Learn the fundamental tax considerations for different equity types.', 'Lesson5TaxImplications', 5, '8-10 min', '{"ordinary income","capital gains",AMT,"83(b) election"}', '2025-05-22 22:29:47.551479+00', '2025-05-22 22:29:47.551479+00'),
	('3f64f5c8-f219-4ffc-bd19-8b7844ec52b5', 'f7e88541-fcc7-4393-b7fc-37c36aa774f3', 'When Companies Go Public or Get Acquired', 'Understand what happens to your equity during liquidity events.', 'Lesson6ExitsAndLiquidity', 6, '8-10 min', '{IPO,acquisition,"liquidity event","lockup period","secondary sale"}', '2025-05-22 22:29:47.551479+00', '2025-05-22 22:29:47.551479+00'),
	('7d9c53a7-9dd9-4fdb-96e9-75194da7d367', 'f7e88541-fcc7-4393-b7fc-37c36aa774f3', 'What is Equity Compensation?', 'Learn the fundamentals of equity compensation and why companies offer it.', 'Lesson1WhatIsEquity', 1, '8-10 min', '{equity,compensation,ownership,stakeholder}', '2025-05-22 22:29:53.330065+00', '2025-05-22 22:29:53.330065+00'),
	('01e6ef71-9057-4d5f-9bbd-dbfb3e9f8095', 'f7e88541-fcc7-4393-b7fc-37c36aa774f3', 'Stock Options vs RSUs vs Restricted Stock', 'Compare different types of equity grants and their characteristics.', 'Lesson2EquityTypes', 2, '8-10 min', '{"stock options",ISO,NSO,RSU,"restricted stock"}', '2025-05-22 22:29:53.330065+00', '2025-05-22 22:29:53.330065+00'),
	('bf978033-9962-484d-804f-3a65c32f2eaf', 'f7e88541-fcc7-4393-b7fc-37c36aa774f3', 'Understanding Vesting Schedules', 'Learn how vesting works and common vesting schedule patterns.', 'Lesson3VestingSchedules', 3, '8-10 min', '{vesting,cliff,acceleration,"milestone-based vesting"}', '2025-05-22 22:29:53.330065+00', '2025-05-22 22:29:53.330065+00'),
	('da1b03f3-af7b-4b14-bb7b-d2f8f291f972', 'f7e88541-fcc7-4393-b7fc-37c36aa774f3', 'Strike Price and Fair Market Value', 'Understand how stock option pricing works and what affects equity value.', 'Lesson4StrikeAndFMV', 4, '8-10 min', '{"strike price","fair market value","409A valuation",spread}', '2025-05-22 22:29:53.330065+00', '2025-05-22 22:29:53.330065+00'),
	('e6dd4fac-560a-4d55-beda-cf3f5c3605f2', 'f7e88541-fcc7-4393-b7fc-37c36aa774f3', 'Basic Tax Implications', 'Learn the fundamental tax considerations for different equity types.', 'Lesson5TaxImplications', 5, '8-10 min', '{"ordinary income","capital gains",AMT,"83(b) election"}', '2025-05-22 22:29:53.330065+00', '2025-05-22 22:29:53.330065+00'),
	('567aa4ae-cbde-41ed-9ea3-74f7838d5a53', 'f7e88541-fcc7-4393-b7fc-37c36aa774f3', 'When Companies Go Public or Get Acquired', 'Understand what happens to your equity during liquidity events.', 'Lesson6ExitsAndLiquidity', 6, '8-10 min', '{IPO,acquisition,"liquidity event","lockup period","secondary sale"}', '2025-05-22 22:29:53.330065+00', '2025-05-22 22:29:53.330065+00');


--
-- Data for Name: course_quiz_questions; Type: TABLE DATA; Schema: public; Owner: postgres
--

INSERT INTO "public"."course_quiz_questions" ("id", "lesson_id", "question", "options", "correct_answer", "explanation", "order_index", "created_at", "updated_at") VALUES
	('65d00bc4-98be-4617-946b-a0d8dd006c64', '614c5824-3ed8-47e5-b0e0-3889626afbe5', 'What is the primary purpose of equity compensation?', '[{"id": "a", "text": "To avoid paying market-rate salaries"}, {"id": "b", "text": "To align employee and company interests"}, {"id": "c", "text": "To avoid paying taxes"}, {"id": "d", "text": "To reduce company expenses"}]', 'b', 'Equity compensation is primarily designed to align employee interests with company success by making employees part-owners in the business.', 1, '2025-05-22 22:29:47.551479+00', '2025-05-22 22:29:47.551479+00'),
	('5dbf133d-0f78-4890-b5b0-07f1e7b2acfb', '614c5824-3ed8-47e5-b0e0-3889626afbe5', 'When do employees typically realize the full value of their equity compensation?', '[{"id": "a", "text": "Immediately upon receiving the grant"}, {"id": "b", "text": "At the company''s IPO or acquisition"}, {"id": "c", "text": "After their first year of employment"}, {"id": "d", "text": "At the end of each fiscal year"}]', 'b', 'The full value of equity is typically realized during a liquidity event such as an IPO (Initial Public Offering) or when the company is acquired.', 2, '2025-05-22 22:29:47.551479+00', '2025-05-22 22:29:47.551479+00'),
	('88551162-eb60-43be-b0b3-a441c9ed2cfc', '1fcfbd81-5e31-46dc-8ac4-25dc40d15d2d', 'What is the main difference between stock options and RSUs?', '[{"id": "a", "text": "Stock options require purchase, while RSUs are given as shares"}, {"id": "b", "text": "RSUs are only for executives, stock options are for everyone else"}, {"id": "c", "text": "Stock options are more valuable than RSUs"}, {"id": "d", "text": "Stock options don''t have vesting periods, but RSUs do"}]', 'a', 'With stock options, you must exercise (purchase) shares at the strike price, while RSUs convert directly to shares upon vesting without requiring you to pay for them.', 1, '2025-05-22 22:29:47.551479+00', '2025-05-22 22:29:47.551479+00'),
	('dc17c7c6-5ed6-451c-8874-3bcbae9d9adc', '614c5824-3ed8-47e5-b0e0-3889626afbe5', 'What is the primary purpose of equity compensation?', '[{"id": "a", "text": "To avoid paying market-rate salaries"}, {"id": "b", "text": "To align employee and company interests"}, {"id": "c", "text": "To avoid paying taxes"}, {"id": "d", "text": "To reduce company expenses"}]', 'b', 'Equity compensation is primarily designed to align employee interests with company success by making employees part-owners in the business.', 1, '2025-05-22 22:29:53.330065+00', '2025-05-22 22:29:53.330065+00'),
	('d1f54e5a-3c53-4283-97aa-7afc268d442c', '7d9c53a7-9dd9-4fdb-96e9-75194da7d367', 'What is the primary purpose of equity compensation?', '[{"id": "a", "text": "To avoid paying market-rate salaries"}, {"id": "b", "text": "To align employee and company interests"}, {"id": "c", "text": "To avoid paying taxes"}, {"id": "d", "text": "To reduce company expenses"}]', 'b', 'Equity compensation is primarily designed to align employee interests with company success by making employees part-owners in the business.', 1, '2025-05-22 22:29:53.330065+00', '2025-05-22 22:29:53.330065+00'),
	('e2e2e14c-5c0d-4dd6-b468-aaa0a499bfaf', '614c5824-3ed8-47e5-b0e0-3889626afbe5', 'When do employees typically realize the full value of their equity compensation?', '[{"id": "a", "text": "Immediately upon receiving the grant"}, {"id": "b", "text": "At the company''s IPO or acquisition"}, {"id": "c", "text": "After their first year of employment"}, {"id": "d", "text": "At the end of each fiscal year"}]', 'b', 'The full value of equity is typically realized during a liquidity event such as an IPO (Initial Public Offering) or when the company is acquired.', 2, '2025-05-22 22:29:53.330065+00', '2025-05-22 22:29:53.330065+00'),
	('4a315cb4-22f2-41df-afa3-29d13d15b02e', '7d9c53a7-9dd9-4fdb-96e9-75194da7d367', 'When do employees typically realize the full value of their equity compensation?', '[{"id": "a", "text": "Immediately upon receiving the grant"}, {"id": "b", "text": "At the company''s IPO or acquisition"}, {"id": "c", "text": "After their first year of employment"}, {"id": "d", "text": "At the end of each fiscal year"}]', 'b', 'The full value of equity is typically realized during a liquidity event such as an IPO (Initial Public Offering) or when the company is acquired.', 2, '2025-05-22 22:29:53.330065+00', '2025-05-22 22:29:53.330065+00'),
	('3975f64e-02d8-412f-90a8-9bbc68ebd20f', '1fcfbd81-5e31-46dc-8ac4-25dc40d15d2d', 'What is the main difference between stock options and RSUs?', '[{"id": "a", "text": "Stock options require purchase, while RSUs are given as shares"}, {"id": "b", "text": "RSUs are only for executives, stock options are for everyone else"}, {"id": "c", "text": "Stock options are more valuable than RSUs"}, {"id": "d", "text": "Stock options don''t have vesting periods, but RSUs do"}]', 'a', 'With stock options, you must exercise (purchase) shares at the strike price, while RSUs convert directly to shares upon vesting without requiring you to pay for them.', 1, '2025-05-22 22:29:53.330065+00', '2025-05-22 22:29:53.330065+00'),
	('7544ebad-0423-43ee-9027-3cc8e65801c5', '01e6ef71-9057-4d5f-9bbd-dbfb3e9f8095', 'What is the main difference between stock options and RSUs?', '[{"id": "a", "text": "Stock options require purchase, while RSUs are given as shares"}, {"id": "b", "text": "RSUs are only for executives, stock options are for everyone else"}, {"id": "c", "text": "Stock options are more valuable than RSUs"}, {"id": "d", "text": "Stock options don''t have vesting periods, but RSUs do"}]', 'a', 'With stock options, you must exercise (purchase) shares at the strike price, while RSUs convert directly to shares upon vesting without requiring you to pay for them.', 1, '2025-05-22 22:29:53.330065+00', '2025-05-22 22:29:53.330065+00'),
	('0679f6e0-d200-4536-9598-e394b2f1d9b7', '1fcfbd81-5e31-46dc-8ac4-25dc40d15d2d', 'Which type of equity is typically granted at later-stage private companies or public companies?', '[{"id": "a", "text": "Incentive Stock Options (ISOs)"}, {"id": "b", "text": "Non-qualified Stock Options (NSOs)"}, {"id": "c", "text": "Restricted Stock Units (RSUs)"}, {"id": "d", "text": "Restricted Stock Awards"}]', 'c', 'RSUs are typically granted at later-stage private companies or public companies because they have definite value once vested, regardless of stock price fluctuations.', 2, '2025-05-22 22:29:53.330065+00', '2025-05-22 22:29:53.330065+00'),
	('a2e801ab-2870-49eb-95bb-282def21cb5b', '01e6ef71-9057-4d5f-9bbd-dbfb3e9f8095', 'Which type of equity is typically granted at later-stage private companies or public companies?', '[{"id": "a", "text": "Incentive Stock Options (ISOs)"}, {"id": "b", "text": "Non-qualified Stock Options (NSOs)"}, {"id": "c", "text": "Restricted Stock Units (RSUs)"}, {"id": "d", "text": "Restricted Stock Awards"}]', 'c', 'RSUs are typically granted at later-stage private companies or public companies because they have definite value once vested, regardless of stock price fluctuations.', 2, '2025-05-22 22:29:53.330065+00', '2025-05-22 22:29:53.330065+00'),
	('d1a3e8ad-7996-4aeb-86b6-00e5cd830052', '9c0b7417-fd68-418d-bc92-14416f9a7029', 'What is a ''cliff'' in a vesting schedule?', '[{"id": "a", "text": "The date when all equity vests at once"}, {"id": "b", "text": "An initial period before any equity vests"}, {"id": "c", "text": "The maximum value your equity can reach"}, {"id": "d", "text": "The deadline to exercise options"}]', 'b', 'A ''cliff'' is an initial period (typically 1 year) during which no equity vests. After the cliff date, a portion vests immediately, followed by regular vesting intervals.', 1, '2025-05-22 22:29:53.330065+00', '2025-05-22 22:29:53.330065+00'),
	('57ed0980-4e07-474d-8a58-ffb40a1c6d32', 'bf978033-9962-484d-804f-3a65c32f2eaf', 'What is a ''cliff'' in a vesting schedule?', '[{"id": "a", "text": "The date when all equity vests at once"}, {"id": "b", "text": "An initial period before any equity vests"}, {"id": "c", "text": "The maximum value your equity can reach"}, {"id": "d", "text": "The deadline to exercise options"}]', 'b', 'A ''cliff'' is an initial period (typically 1 year) during which no equity vests. After the cliff date, a portion vests immediately, followed by regular vesting intervals.', 1, '2025-05-22 22:29:53.330065+00', '2025-05-22 22:29:53.330065+00'),
	('5fa84349-5bb6-479a-b58e-03df9ca9a6ff', '9c0b7417-fd68-418d-bc92-14416f9a7029', 'What is ''single-trigger acceleration''?', '[{"id": "a", "text": "Accelerated vesting if you''re promoted"}, {"id": "b", "text": "Accelerated vesting if the company reaches a revenue target"}, {"id": "c", "text": "Accelerated vesting if the company is acquired"}, {"id": "d", "text": "Accelerated vesting if you meet performance goals"}]', 'c', 'Single-trigger acceleration typically refers to accelerated vesting that occurs when the company is acquired or undergoes another change of control event.', 2, '2025-05-22 22:29:53.330065+00', '2025-05-22 22:29:53.330065+00'),
	('55a14414-311a-4535-96f4-8f1cd73f15ad', 'bf978033-9962-484d-804f-3a65c32f2eaf', 'What is ''single-trigger acceleration''?', '[{"id": "a", "text": "Accelerated vesting if you''re promoted"}, {"id": "b", "text": "Accelerated vesting if the company reaches a revenue target"}, {"id": "c", "text": "Accelerated vesting if the company is acquired"}, {"id": "d", "text": "Accelerated vesting if you meet performance goals"}]', 'c', 'Single-trigger acceleration typically refers to accelerated vesting that occurs when the company is acquired or undergoes another change of control event.', 2, '2025-05-22 22:29:53.330065+00', '2025-05-22 22:29:53.330065+00'),
	('bef6f63a-6012-44ae-aaf5-39de8ffb0386', 'b78df2d9-9ada-492a-aaf8-4a68c5999a1b', 'What is the ''spread'' in stock options?', '[{"id": "a", "text": "The difference between grant date and exercise date"}, {"id": "b", "text": "The difference between your strike price and the fair market value"}, {"id": "c", "text": "The difference between pre-money and post-money valuation"}, {"id": "d", "text": "The difference between preferred and common stock prices"}]', 'b', 'The ''spread'' is the difference between the strike price of your options and the current fair market value (FMV) of the shares. This represents your potential gain (before taxes).', 1, '2025-05-22 22:29:53.330065+00', '2025-05-22 22:29:53.330065+00'),
	('e8e272cc-3498-4dc4-9548-65a56692edb5', 'da1b03f3-af7b-4b14-bb7b-d2f8f291f972', 'What is the ''spread'' in stock options?', '[{"id": "a", "text": "The difference between grant date and exercise date"}, {"id": "b", "text": "The difference between your strike price and the fair market value"}, {"id": "c", "text": "The difference between pre-money and post-money valuation"}, {"id": "d", "text": "The difference between preferred and common stock prices"}]', 'b', 'The ''spread'' is the difference between the strike price of your options and the current fair market value (FMV) of the shares. This represents your potential gain (before taxes).', 1, '2025-05-22 22:29:53.330065+00', '2025-05-22 22:29:53.330065+00'),
	('55791bd7-04cd-4075-99b7-07e713404844', 'b78df2d9-9ada-492a-aaf8-4a68c5999a1b', 'What is a 409A valuation?', '[{"id": "a", "text": "The process of determining your tax liability"}, {"id": "b", "text": "The value of your vested equity"}, {"id": "c", "text": "An independent assessment of a company''s fair market value"}, {"id": "d", "text": "The price at which you can sell your shares"}]', 'c', 'A 409A valuation is an independent, third-party assessment of a company''s fair market value for tax purposes. It determines the strike price for stock options and is typically updated every 12 months or after significant company events.', 2, '2025-05-22 22:29:53.330065+00', '2025-05-22 22:29:53.330065+00'),
	('8e0c07be-f449-4809-8fd5-e1932bf5b302', 'da1b03f3-af7b-4b14-bb7b-d2f8f291f972', 'What is a 409A valuation?', '[{"id": "a", "text": "The process of determining your tax liability"}, {"id": "b", "text": "The value of your vested equity"}, {"id": "c", "text": "An independent assessment of a company''s fair market value"}, {"id": "d", "text": "The price at which you can sell your shares"}]', 'c', 'A 409A valuation is an independent, third-party assessment of a company''s fair market value for tax purposes. It determines the strike price for stock options and is typically updated every 12 months or after significant company events.', 2, '2025-05-22 22:29:53.330065+00', '2025-05-22 22:29:53.330065+00'),
	('a4ea29ca-bc6f-4e91-9c3f-01ea4a405afc', '5de9b323-529b-4a1d-8e3d-f025042407ca', 'What tax benefit do ISOs potentially offer compared to NSOs?', '[{"id": "a", "text": "No taxes ever"}, {"id": "b", "text": "Lower ordinary income tax rates"}, {"id": "c", "text": "Qualifying for long-term capital gains treatment"}, {"id": "d", "text": "Immediate tax deductions"}]', 'c', 'ISOs can potentially qualify for long-term capital gains tax treatment (which is typically lower than ordinary income tax rates) if certain holding periods are met after exercise.', 1, '2025-05-22 22:29:53.330065+00', '2025-05-22 22:29:53.330065+00'),
	('2cea55dc-826e-4a54-90c3-193471a1ca54', 'e6dd4fac-560a-4d55-beda-cf3f5c3605f2', 'What tax benefit do ISOs potentially offer compared to NSOs?', '[{"id": "a", "text": "No taxes ever"}, {"id": "b", "text": "Lower ordinary income tax rates"}, {"id": "c", "text": "Qualifying for long-term capital gains treatment"}, {"id": "d", "text": "Immediate tax deductions"}]', 'c', 'ISOs can potentially qualify for long-term capital gains tax treatment (which is typically lower than ordinary income tax rates) if certain holding periods are met after exercise.', 1, '2025-05-22 22:29:53.330065+00', '2025-05-22 22:29:53.330065+00'),
	('19e6b3fa-78d5-49cd-8434-5fd08d3f6596', '5de9b323-529b-4a1d-8e3d-f025042407ca', 'When is an 83(b) election typically filed?', '[{"id": "a", "text": "When you receive an equity grant"}, {"id": "b", "text": "Within 30 days of early exercising unvested options"}, {"id": "c", "text": "When you sell your shares"}, {"id": "d", "text": "When your company goes public"}]', 'b', 'An 83(b) election is typically filed within 30 days of early exercising unvested options or receiving restricted stock. It allows you to pay taxes on the current value rather than the future value when shares vest.', 2, '2025-05-22 22:29:53.330065+00', '2025-05-22 22:29:53.330065+00'),
	('0f149037-d969-45b2-af6d-ed4768f0768b', 'e6dd4fac-560a-4d55-beda-cf3f5c3605f2', 'When is an 83(b) election typically filed?', '[{"id": "a", "text": "When you receive an equity grant"}, {"id": "b", "text": "Within 30 days of early exercising unvested options"}, {"id": "c", "text": "When you sell your shares"}, {"id": "d", "text": "When your company goes public"}]', 'b', 'An 83(b) election is typically filed within 30 days of early exercising unvested options or receiving restricted stock. It allows you to pay taxes on the current value rather than the future value when shares vest.', 2, '2025-05-22 22:29:53.330065+00', '2025-05-22 22:29:53.330065+00'),
	('a7bd3f04-2e75-45ec-bc46-b624180b4b6e', '3f64f5c8-f219-4ffc-bd19-8b7844ec52b5', 'What is a ''lockup period'' after an IPO?', '[{"id": "a", "text": "The time when your equity vests"}, {"id": "b", "text": "The time when you can''t sell your shares"}, {"id": "c", "text": "The time when the company can''t issue new shares"}, {"id": "d", "text": "The time when the share price is guaranteed"}]', 'b', 'A lockup period is a time after an IPO (typically 90-180 days) during which employees and insiders are restricted from selling their shares to prevent excessive selling pressure on the new stock.', 1, '2025-05-22 22:29:53.330065+00', '2025-05-22 22:29:53.330065+00'),
	('9ff65fcd-3385-4d8a-9998-50e5e6acd505', '567aa4ae-cbde-41ed-9ea3-74f7838d5a53', 'What is a ''lockup period'' after an IPO?', '[{"id": "a", "text": "The time when your equity vests"}, {"id": "b", "text": "The time when you can''t sell your shares"}, {"id": "c", "text": "The time when the company can''t issue new shares"}, {"id": "d", "text": "The time when the share price is guaranteed"}]', 'b', 'A lockup period is a time after an IPO (typically 90-180 days) during which employees and insiders are restricted from selling their shares to prevent excessive selling pressure on the new stock.', 1, '2025-05-22 22:29:53.330065+00', '2025-05-22 22:29:53.330065+00'),
	('5c332cba-f5b0-4228-9783-bf7e6dc08caa', '3f64f5c8-f219-4ffc-bd19-8b7844ec52b5', 'What typically happens to unvested equity during an acquisition?', '[{"id": "a", "text": "It''s always forfeited"}, {"id": "b", "text": "It always vests immediately"}, {"id": "c", "text": "It depends on the acquisition terms and your employment agreement"}, {"id": "d", "text": "It converts to cash at the strike price"}]', 'c', 'What happens to unvested equity during an acquisition depends on the specific terms of the acquisition and your employment agreement. It may accelerate, continue on the original schedule, or be replaced with acquirer equity.', 2, '2025-05-22 22:29:53.330065+00', '2025-05-22 22:29:53.330065+00'),
	('f6012700-80df-4ba2-8f6f-4891a20d1681', '567aa4ae-cbde-41ed-9ea3-74f7838d5a53', 'What typically happens to unvested equity during an acquisition?', '[{"id": "a", "text": "It''s always forfeited"}, {"id": "b", "text": "It always vests immediately"}, {"id": "c", "text": "It depends on the acquisition terms and your employment agreement"}, {"id": "d", "text": "It converts to cash at the strike price"}]', 'c', 'What happens to unvested equity during an acquisition depends on the specific terms of the acquisition and your employment agreement. It may accelerate, continue on the original schedule, or be replaced with acquirer equity.', 2, '2025-05-22 22:29:53.330065+00', '2025-05-22 22:29:53.330065+00');


--
-- Data for Name: education_content; Type: TABLE DATA; Schema: public; Owner: postgres
--

INSERT INTO "public"."education_content" ("id", "title", "content", "example", "intermediate_explanation", "advanced_details", "related_terms", "created_at", "updated_at") VALUES
	('a24c27f0-9068-4451-b7c7-10cf67f5f9a4', 'Understanding Stock Options', 'Stock options give you the right to buy company shares at a fixed price (strike price) in the future. They''re a way for startups to compensate employees while conserving cash.', 'If you have 1,000 options with a $1 strike price, and the company stock is worth $10, you can buy 1,000 shares for $1,000 and immediately sell them for $10,000, making a $9,000 profit (before taxes).', 'Options come in two main types: Incentive Stock Options (ISOs) and Non-qualified Stock Options (NSOs). Each has different tax implications and requirements.', 'ISOs offer potentially favorable tax treatment but must meet specific holding requirements and may trigger AMT. NSOs are taxed as ordinary income at exercise.', '{"Strike Price",Exercise,Vesting,AMT}', '2025-05-06 19:17:22.918768+00', '2025-05-06 19:17:22.918768+00'),
	('bf26bd56-cd2b-42fd-9b27-de0d0f84181c', 'Vesting Schedules', 'Vesting is the process by which you earn your stock options over time. Most companies use a 4-year vesting schedule with a 1-year cliff.', 'With a 4-year vesting schedule and 1-year cliff, you earn nothing for the first year. After one year, 25% vests immediately. Then you earn the remaining 75% monthly over the next 3 years.', 'Vesting schedules can vary significantly between companies. Some use monthly, quarterly, or annual increments after the cliff. Others may have back-loaded vesting, where more shares vest later in the schedule.', 'If you leave the company before your options fully vest, you forfeit the unvested portion. Some companies offer accelerated vesting upon a change in control (acquisition) or if you''re terminated without cause.', '{Cliff,Acceleration,Termination,"Vesting Start Date"}', '2025-05-06 19:17:22.918768+00', '2025-05-06 19:17:22.918768+00'),
	('312d0f00-989e-4bee-bf38-47ba8ea13df1', 'Exercise Windows', 'When you leave a company, you typically have 90 days to exercise your vested options. After that, you lose them.', 'If you have 1,000 vested options when you leave, you have 90 days to decide whether to buy the shares at the strike price.', 'Some companies offer extended post-termination exercise windows ranging from 1 to 10 years. This gives former employees more time to decide whether to exercise their options, potentially avoiding a forced exercise during a period of illiquidity.', 'Extended exercise windows can have tax implications, especially for ISOs. Under IRS rules, ISOs that aren''t exercised within 90 days of termination automatically convert to NSOs, losing their potential tax advantages.', '{"Post-Termination Exercise Window",Exercise,ISO,NSO,"Early Exercise"}', '2025-05-06 19:17:22.918768+00', '2025-05-06 19:17:22.918768+00'),
	('3985b38a-c020-4de1-8811-85428299bcbf', 'Tax Implications', 'Exercising options can trigger tax events. ISOs can qualify for capital gains treatment if held long enough, while NSOs are taxed as ordinary income.', 'If you exercise NSOs with a $1 strike price when shares are worth $10, you''ll owe ordinary income tax on the $9 spread immediately.', 'For ISOs, no ordinary income tax is due at exercise, but the spread may trigger Alternative Minimum Tax (AMT). For NSOs, the spread between FMV and strike price is taxed as ordinary income at exercise.', 'For ISOs to qualify for favorable tax treatment, you must hold the shares at least 1 year from exercise and 2 years from grant. Early dispositions (disqualifying dispositions) result in the gain being taxed as ordinary income instead of capital gains.', '{AMT,"Capital Gains","Ordinary Income","Disqualifying Disposition","83(b) Election"}', '2025-05-06 19:17:22.918768+00', '2025-05-06 19:17:22.918768+00'),
	('b444f473-52bb-4a11-9fe4-795a5312a7ed', 'Early Exercise', 'Early exercise allows you to purchase unvested shares. This can have tax advantages if done when the spread between strike price and FMV is minimal.', 'If granted 10,000 options at $1 with a 4-year vesting schedule, you could exercise all 10,000 immediately for $10,000, even though they''re not vested yet.', 'When you early exercise, you typically file an 83(b) election with the IRS within 30 days, which starts your holding period for capital gains treatment. The company typically has the right to repurchase unvested shares if you leave.', 'Early exercise creates immediate cash requirements (to pay the strike price) and potential tax risk. If the company fails, you can''t recoup your investment. However, it can significantly reduce tax liability by minimizing or eliminating the spread at exercise.', '{"83(b) Election","Repurchase Right","Holding Period","Capital Gains","Liquidity Risk"}', '2025-05-06 19:17:22.918768+00', '2025-05-06 19:17:22.918768+00'),
	('c9dfc65b-b81d-4ce0-b1da-e4901445de77', 'Equity Dilution', 'Dilution occurs when a company issues new shares, reducing the ownership percentage of existing shareholders.', 'If you own 1% of a company and it raises a new round that issues 25% in new shares, your ownership decreases to 0.75%.', 'Dilution is a normal part of startup growth as companies raise new funding rounds. While your percentage ownership decreases, the hope is that the company''s increasing valuation makes your smaller slice of a larger pie more valuable.', 'Anti-dilution provisions protect investors from dilution in down rounds (when the company raises at a lower valuation). These provisions don''t typically apply to employee equity, meaning employees bear the full impact of dilution.', '{Valuation,"Funding Round","Down Round",Anti-dilution,"Fully Diluted Capitalization"}', '2025-05-06 19:17:22.918768+00', '2025-05-06 19:17:22.918768+00'),
	('a0bd39ee-da7b-40a8-bb49-47eb195e740a', 'RSUs vs. Options', 'Restricted Stock Units (RSUs) and stock options have different structures, tax implications, and value propositions.', 'With RSUs, you receive actual shares when they vest, without needing to pay to acquire them. With options, you need to pay the strike price to acquire shares.', 'RSUs always have value as long as the stock has value, whereas options can become worthless if the stock price falls below the strike price (underwater options). RSUs are more common at later-stage companies with higher valuations.', 'RSUs are taxed as ordinary income at vesting, regardless of whether you sell the shares. Options are taxed differently depending on type (ISO vs. NSO) and when you exercise and sell. In high-growth scenarios, options typically offer more upside potential than the same value of RSUs.', '{"Restricted Stock Units","Underwater Options","Double-Trigger RSUs","Liquidity Event","Ordinary Income"}', '2025-05-06 19:17:22.918768+00', '2025-05-06 19:17:22.918768+00'),
	('2aae9b73-020f-4c4e-9f80-139a1bdd467d', 'Determining Equity Value', 'Understanding the potential value of your equity grant requires considering multiple factors beyond just the number of shares.', 'If you''re offered 10,000 shares, ask what percentage of the company that represents, the current valuation, and how much dilution to expect in future funding rounds.', 'The percentage ownership is more important than the absolute number of shares. A company can have any number of outstanding shares, so 10,000 shares could be a large or small percentage depending on the total capitalization.', 'To value your equity, you''ll need to know: the number of fully-diluted outstanding shares, the most recent valuation (or 409A valuation), expected future fundraising and dilution, and the likelihood and timeline of a liquidity event. Startups often provide an equity value in dollar terms (e.g., "$100,000 in options"), which typically uses the latest valuation.', '{"Capitalization Table","Percentage Ownership","Fully Diluted",Valuation,"Exit Timeline"}', '2025-05-06 19:17:22.918768+00', '2025-05-06 19:17:22.918768+00'),
	('fc14afbc-baeb-4609-805a-b776493b8167', 'Negotiating Equity Compensation', 'Equity can be a significant component of total compensation, especially at early-stage companies, and can be negotiated.', 'If offered a $120,000 salary with 5,000 options, you might negotiate for 7,500 options if the salary can''t be increased.', 'When negotiating equity, compare the equity value to the cash salary gap between this offer and competing offers. Early-stage companies typically offer more equity to compensate for lower cash salaries.', 'Consider asking for an additional equity grant rather than a higher initial grant. "Refresh grants" provide additional equity after you''ve been at the company for some time (typically 1-2 years), helping to prevent full vesting from becoming a retention issue.', '{"Total Compensation","Refresh Grant",Retention,"Competing Offers","Equity Value"}', '2025-05-06 19:17:22.918768+00', '2025-05-06 19:17:22.918768+00'),
	('b192e960-27a3-4233-8211-44d8ce3725f9', 'Liquidity & Secondary Markets', 'Startup equity is typically illiquid until an IPO or acquisition, but secondary markets offer potential alternatives.', 'If your company is valued at $1 billion privately but hasn''t gone public, you might be able to sell some shares on a secondary market to investors eager to get in early.', 'Secondary transactions usually require company approval and may come with restrictions. Companies often implement Right of First Refusal (ROFR), allowing them to buy back shares instead of letting them go to a third party.', 'Secondary markets have grown substantially in recent years, with platforms like Forge Global, EquityZen, and CartaX facilitating transactions. However, selling on secondary markets typically comes with a price discount to account for illiquidity and risk.', '{IPO,Acquisition,"Right of First Refusal","Transfer Restrictions","Tender Offer"}', '2025-05-06 19:17:22.918768+00', '2025-05-06 19:17:22.918768+00'),
	('17bc448e-fcab-4970-91b4-3f67b6d16d68', 'Understanding 409A Valuations', 'A 409A valuation is an independent assessment of a private company''s fair market value (FMV) for tax purposes, which determines the minimum strike price for stock options.', 'If your startup raises a $10M Series A at a $50M valuation, the 409A valuation might set the common stock FMV at $3 per share, which becomes the minimum strike price for new option grants.', 'Companies typically get a new 409A valuation every 12 months or after significant events like funding rounds. These valuations are performed by independent third parties to create "safe harbor" protection against IRS challenges to option pricing.', 'Unlike preferred stock prices paid by investors, 409A valuations account for liquidation preferences, lack of marketability, and other factors that discount common stock value. Common stock (what employees receive) is typically valued at 20-30% of preferred stock in early-stage companies. Non-compliance with 409A requirements can result in immediate taxation of vested options plus a 20% penalty and interest.', '{"Strike Price","Fair Market Value","Safe Harbor","Common Stock","Preferred Stock"}', '2025-05-07 02:30:44.855843+00', '2025-05-07 02:30:44.855843+00'),
	('cc0921d2-7b65-4651-a2dc-fc5d28fa250b', 'Comparing ISO and NSO Tax Treatment', 'Incentive Stock Options (ISOs) and Non-qualified Stock Options (NSOs) have significant differences in tax treatment that can impact your financial outcome.', 'With ISOs held long enough, a $100,000 gain might be taxed at 15-20% as long-term capital gains. The same gain on NSOs would include ordinary income tax on the spread at exercise (potentially 37% federal) and capital gains only on post-exercise appreciation.', 'ISOs don''t trigger ordinary income tax at exercise, but may trigger Alternative Minimum Tax (AMT). NSOs create ordinary income equal to the spread at exercise, subject to income and employment taxes (Social Security and Medicare). For ISOs to qualify for favorable tax treatment, you must hold shares for at least 1 year after exercise and 2 years after grant.', 'ISOs can convert to NSOs in several situations: if transferred (except upon death), if exercised after 90 days post-termination, or if they exceed the $100,000 limit (based on grant date FMV) that can vest in a single year. NSOs are more flexible, as they can be granted to non-employees and transferred more easily. Companies must report ISO exercises on Form 3921 and withhold taxes on NSO exercises.', '{ISO,NSO,AMT,"Ordinary Income","Capital Gains","Holding Period"}', '2025-05-07 02:30:44.855843+00', '2025-05-07 02:30:44.855843+00'),
	('4beb34e5-f91e-4b6c-b221-510d7e92da61', 'Secondary Sales and Liquidity Options', 'Before a company goes public or is acquired, employees may have options to sell some of their equity through secondary sales to investors or back to the company.', 'If you''ve been at a well-funded startup for four years, you might have the opportunity to sell 10% of your vested shares to a growth-stage investor at 70-80% of the most recent preferred price.', 'Secondary sales typically require company approval and may come with restrictions. Companies often implement Right of First Refusal (ROFR), allowing them to buy back shares instead of letting them go to third parties. Secondary transactions may happen through company-facilitated tender offers or private transactions with outside buyers.', 'Secondary sales almost always trigger ordinary income or capital gains tax, depending on the type of equity and holding period. For ISO holders, a secondary sale is often a disqualifying disposition. Shares are typically sold at a discount (20-30%) to the preferred price to account for illiquidity and lack of control. Secondary markets have grown significantly, with platforms like Forge Global, EquityZen, and CartaX facilitating transactions for employees at later-stage startups.', '{"Tender Offer","Right of First Refusal",Liquidity,Discount,"Transfer Restrictions","Tax Implications"}', '2025-05-07 02:30:44.855843+00', '2025-05-07 02:30:44.855843+00'),
	('c349eb9b-ed96-4f8d-99ea-25a6ea21e587', 'Equity Compensation Across Company Stages', 'The type, amount, and value of equity compensation varies significantly based on the company''s stage, from early startups to public companies.', 'At a seed-stage startup, you might receive options for 1-2% of the company with a low strike price. At a pre-IPO company, you might receive RSUs representing 0.01-0.1% of the company with a much higher implied value.', 'Early-stage companies (Seed, Series A) typically offer more equity as a percentage of the company but with higher risk. Options are common at this stage with low strike prices. Mid-stage companies (Series B-C) usually offer less equity percentage but with higher confidence in its value. Later-stage companies (Series D+) often transition to RSUs, especially if an IPO is on the horizon. Public companies almost exclusively grant RSUs with known values.', 'The equity-to-cash ratio in total compensation decreases as companies mature. Early employees might accept 50% below-market cash with significant equity, while later employees typically receive near-market cash with less equity. Early-stage equity has higher potential upside but much higher risk and longer time to liquidity (typically 7-10 years). Later-stage equity has lower potential returns but more certain value and shorter time to liquidity (typically 1-3 years). Each stage also has different standard vesting structures, with earlier-stage companies sometimes using longer vesting periods or milestones.', '{"Startup Risk","Options vs. RSUs","Percentage Ownership",Valuation,"Liquidity Timeline","Total Compensation"}', '2025-05-07 02:30:44.855843+00', '2025-05-07 02:30:44.855843+00'),
	('26ab2846-dc15-4695-9df6-dc1c1f7e88fd', 'Cap Table Mechanics and Dilution', 'Understanding cap table mechanics helps you predict how your equity stake will be diluted through future funding rounds and equity issuance.', 'If you own 1% of a company after Series A and the company raises two more rounds with 20% dilution each, your ownership will decline to approximately 0.64% (1%  0.8  0.8).', 'Dilution occurs through new investor shares, expansion of the option pool, founder re-vesting, and strategic issuances. Each financing round typically creates a new class of preferred stock with its own rights. Option pools are usually created or expanded before fundraising rounds, and this dilution falls on existing shareholders, not the new investors.', 'Complex cap tables include multiple preferences and terms that affect exit proceeds. Liquidation preferences, participation rights, and conversion terms can dramatically change the distribution of exit proceeds. When evaluating potential equity value, always consider the "preference stack" (the amount that must be paid to preferred shareholders before common shareholders receive anything) and the fully-diluted ownership percentage. Pro-rata rights, anti-dilution protections, and other terms can affect how dilution occurs in down rounds or specific scenarios.', '{Dilution,"Liquidation Preference","Option Pool","Preference Stack",Anti-dilution,"Pro-rata Rights"}', '2025-05-07 02:30:44.855843+00', '2025-05-07 02:30:44.855843+00'),
	('36b7d51b-921a-4743-be3c-aed255aab10f', 'Stock Option Exercise Strategies', 'Different exercise strategies carry different tax implications, liquidity requirements, and risks. Choosing the right approach depends on your personal financial situation and risk tolerance.', 'If you have options with a $1 strike price and current FMV of $5, early exercising when leaving the company would cost $10,000 for 10,000 options but could start your capital gains holding period and potentially save significantly on taxes if the company has a successful exit.', 'The main exercise strategies include: early exercise upon grant (lowest tax, highest risk), exercise at vesting (balanced risk/tax), exercise upon leaving (avoids forfeit, moderate risk), and exercise at liquidity (lowest risk, highest tax). Early exercise typically requires filing an 83(b) election within 30 days. Each approach involves different cash requirements and tax treatments.', 'The optimal strategy depends on multiple factors: cash available, risk tolerance, AMT exposure, confidence in the company, and exercise window limits. Early exercise can dramatically reduce taxes if the company succeeds, but you lose your investment if the company fails. Exercise at liquidity is safest but typically results in ordinary income tax on the entire gain for ISOs. For large potential gains, some employees use a "sell to cover" strategy at liquidity, or exercise a portion of options each year to manage AMT exposure. Extended exercise windows (beyond the standard 90 days) give more flexibility but can convert ISOs to NSOs.', '{"Early Exercise","83(b) Election","Exercise Window",AMT,"Tax Planning","Sell to Cover"}', '2025-05-07 02:30:44.855843+00', '2025-05-07 02:30:44.855843+00'),
	('3b458c11-f20c-4e12-b9a9-2e867ea80112', 'Double-Trigger RSUs Explained', 'Double-trigger RSUs require two conditions to vest: time-based vesting and a liquidity event (like an IPO or acquisition), making them common at late-stage private companies.', 'If you receive 10,000 double-trigger RSUs with 4-year vesting, you might "earn" 2,500 RSUs each year, but won''t actually receive any shares until the company goes public or is acquired. At that point, you''ll receive shares for all time-vested RSUs.', 'Double-trigger RSUs solve the problem of taxation without liquidity. With standard RSUs, you would owe taxes when shares vest, even if you can''t sell them. Double-trigger RSUs delay vesting (and therefore taxation) until there''s a way to sell shares to cover tax obligations. Most late-stage and pre-IPO companies use double-trigger RSUs instead of options to align equity value with increasing company valuation.', 'During an IPO, companies typically implement a "net settlement" process where they withhold a portion of shares (often 30-40%) to cover tax obligations resulting from the vesting event. The remaining shares are usually subject to a lock-up period of 180 days. Some companies use "quarterly double-trigger" RSUs that vest on the first quarterly date after both the time condition and liquidity condition are met, which can help spread out tax liability. If the company is acquired instead of going public, RSUs might convert to acquirer stock, cash, or a combination.', '{RSU,"Liquidity Event",IPO,"Net Settlement","Tax Withholding","Lock-up Period"}', '2025-05-07 02:30:44.855843+00', '2025-05-07 02:30:44.855843+00'),
	('73452531-277b-4a98-ac27-c5a454671f16', 'AMT Planning for ISO Exercises', 'The Alternative Minimum Tax (AMT) can create significant tax liability when exercising Incentive Stock Options (ISOs), requiring careful planning to avoid unexpected tax bills.', 'If you exercise ISOs with a $1 strike price when the FMV is $10, exercising 10,000 options creates a $90,000 AMT income adjustment, potentially resulting in $20,000-$30,000 in AMT liability due at tax time, even though you haven''t sold any shares.', 'AMT is a parallel tax system designed to ensure taxpayers with significant deductions and preferences pay a minimum amount of tax. The ISO exercise spread (FMV minus strike price) is an AMT adjustment that gets added to your income when calculating AMT, but not when calculating regular income tax. You pay the higher of your regular tax or AMT, which can create a significant tax bill after exercising ISOs.', 'AMT planning strategies include: exercising early when the spread is small, exercising in December to have more time to plan for the tax bill, exercising and selling in the same year (a disqualifying disposition that avoids AMT but creates ordinary income), exercising gradually over multiple tax years to stay under AMT thresholds, and leveraging AMT credits in future years. AMT calculations are complex, with exemptions that phase out at higher income levels. The AMT you pay creates a credit that can be used in future years when your regular tax exceeds your AMT, but this credit may take many years to recover if you never sell the shares or if the company value decreases.', '{ISO,"AMT Credit","Disqualifying Disposition","Tax Planning","Exercise Strategy","AMT Exemption"}', '2025-05-07 02:30:44.855843+00', '2025-05-07 02:30:44.855843+00'),
	('677a1f5c-4aa9-4bc7-b26e-a2dfe50e064b', 'Managing Equity Through M&A', 'Mergers and acquisitions trigger important decisions for equity holders, with different outcomes for options and RSUs based on the deal structure and your actions.', 'If your company is acquired for $20 per share and you have options with a $2 strike price, you might be offered $18 per share cash for each unexercised option, or the opportunity to convert to acquirer equity with similar terms.', 'In acquisitions, unvested equity is typically either accelerated or converted to acquirer equity with similar vesting terms. Vested options usually either convert to acquirer options, cash out the spread, or allow exercise and participate as common shares. Acquirers may offer retention packages with new equity grants to keep key employees.', 'Acquisition deal structures affect equity outcomes: stock deals typically allow for tax-deferred conversion of options, while cash deals trigger taxation. Acceleration provisions become crucial in acquisitions: single-trigger acceleration causes immediate vesting upon acquisition, while double-trigger requires both acquisition and involuntary termination within a specific timeframe. Cash settlement of options typically creates ordinary income for the spread. Some acquirers offer "rollover" of options or special incentive plans to replace startup equity. Transaction bonuses or retention packages may be offered in addition to the equity conversion, especially for key employees.', '{Acquisition,Acceleration,"Cash vs. Stock Deal","Rollover Options","Retention Packages","Change in Control"}', '2025-05-07 02:30:44.855843+00', '2025-05-07 02:30:44.855843+00'),
	('54219c03-17fd-49d9-b02f-1ef7d0b2701f', 'Evaluating Equity in Job Offers', 'Comparing equity across different job offers requires analyzing multiple factors beyond just the number of shares or grant value presented.', 'If you have offers from two companiesa Series B startup offering options for 0.1% of the company with $150K salary and a pre-IPO company offering RSUs worth $300K with $180K salaryyou need to consider differences in risk, liquidity timing, and total compensation packages.', 'When evaluating equity offers, consider: the percentage ownership (not just share count), the latest company valuation and funding status, the implied equity value at current valuation, future dilution expectations, exercise costs for options, vesting terms and cliffs, and expected time to liquidity. Ask specific questions about outstanding shares, latest valuation, expected funding rounds before exit, and liquidation preferences.', 'Different company stages offer different risk-reward profiles: early-stage equity has higher potential upside but much more risk and longer liquidity timelines, while later-stage equity has more measurable value but less explosive growth potential. The same dollar value of equity at different companies can represent vastly different ownership percentages and potential outcomes. Tax treatment also varies significantlyRSUs always create ordinary income, while ISOs can potentially qualify for lower long-term capital gains rates. Refresh grants and future equity opportunities should also factor into your decision, as total career equity can far exceed initial grants.', '{"Total Compensation","Ownership Percentage",Valuation,"Liquidity Timeline",Dilution,"Risk Assessment"}', '2025-05-07 02:30:44.855843+00', '2025-05-07 02:30:44.855843+00'),
	('826e936a-3214-48f1-9f1c-dbdbd7169e93', 'QSBS Tax Exclusion Strategy', 'Qualified Small Business Stock (QSBS) provisions can allow up to 100% exclusion of federal capital gains tax on eligible startup equity, potentially saving millions in taxes.', 'If you join an eligible startup and exercise options when the company is still under $50M in assets, you could potentially pay zero federal capital gains tax on up to $10M in gains when selling your shares after five years, even if the company becomes worth billions.', 'To qualify for QSBS treatment under Section 1202 of the Internal Revenue Code, shares must be acquired directly from a qualifying C-Corporation with less than $50 million in gross assets, held for at least 5 years, and the company must be in a qualifying business. The exclusion percentage (50%, 75%, or 100%) depends on when the shares were acquired, with 100% applying to shares acquired after September 27, 2010.', 'QSBS planning often drives early exercise decisions, as you must own actual shares (not just unexercised options) to start the 5-year holding period. The $10M limit is per issuer, per taxpayer, allowing a married couple to potentially exclude $20M. Certain company types don''t qualify, including professional services, finance, farming, mining, and hospitality businesses. Careful documentation of qualification factors at exercise time is crucial, as the company status must be verified years later. Some states (like California) don''t recognize the QSBS exclusion, so state taxes may still apply. For large potential gains, QSBS can justify early exercise even with AMT implications, as the tax savings can be substantial.', '{"Tax Planning","Early Exercise",C-Corporation,"Holding Period","Capital Gains",Documentation}', '2025-05-07 02:30:44.855843+00', '2025-05-07 02:30:44.855843+00'),
	('ebcc9f25-d99d-4bb3-b688-13c8af0f6b3c', 'Understanding Option Grants and Offer Letters', 'Equity offer letters often contain complex terms and potential pitfalls that require careful review before accepting.', 'Your offer might state "50,000 options representing 0.1% of the company," but you should verify the total shares outstanding, whether that percentage is fully diluted, and how long you''ll need to stay to realize the full value.', 'When receiving an equity offer, understand: the type of equity (options vs. RSUs), the vesting schedule including cliff period, the exercise window after leaving, whether early exercise is permitted, and any performance or milestone-based vesting conditions. The percentage ownership is more important than the absolute number of shares, so ask about fully-diluted shares outstanding.', 'Offer letters often present equity in the most favorable light, so additional due diligence is important. Ask specific questions about: liquidation preferences that might reduce common stock value, anticipated funding rounds before exit, expected timeline to liquidity, the strike price relative to 409A and preferred price, and whether equity refreshes are standard. Watch for language about "target bonuses" versus guaranteed amounts, and understand that equity percentages will be diluted in future funding rounds. For RSUs, check whether they have double-trigger provisions requiring a liquidity event. Some companies may offer "equity value" based on the latest preferred price, which might not reflect the actual value of common shares.', '{"Offer Letter","Vesting Schedule","Exercise Window","Percentage Ownership","Due Diligence",Dilution}', '2025-05-07 02:30:44.855843+00', '2025-05-07 02:30:44.855843+00'),
	('b3a253c2-65d8-427e-9827-beceb1164df1', 'Extended Exercise Windows', 'Extended post-termination exercise windows give employees more time to exercise their options after leaving a company, potentially reducing financial pressure and risk.', 'With a standard 90-day window, you might need to quickly come up with $50,000 to exercise your options when leaving your job. With a 7-year extended window, you could wait until the company is closer to an exit or until you have more capital available.', 'Extended exercise windows (sometimes called "golden handcuffs removal") are becoming more common, with periods ranging from 1 to 10 years after departure. They give former employees more time to decide whether to purchase their options, potentially avoiding a forced decision during a period of illiquidity. This can be especially valuable for employees who can''t afford to exercise or who want to see how the company progresses before investing.', 'For ISOs, exercising after 90 days automatically converts them to NSOs, losing their potential tax advantages, regardless of the company''s exercise window policy. Companies offering extended windows must weigh the benefits of former employee goodwill against issues like cap table management and 409A valuation impacts. For employees, extended windows reduce pressure to exercise when leaving but may still require eventual cash outlay to exercise before an exit. Some companies use a hybrid approach with a standard 90-day window for employees who leave in the first year, and extended windows for longer-tenured employees. The exercise window should be explicitly stated in your option agreement and is sometimes negotiable.', '{"Post-Termination Exercise Window",Exercise,"ISO to NSO Conversion","Liquidity Risk","Cap Table Management","Option Agreement"}', '2025-05-07 02:30:44.855843+00', '2025-05-07 02:30:44.855843+00'),
	('9a48e93b-f1d6-473c-9651-b186b6166cc8', 'Exit Scenarios and Liquidity Planning', 'Understanding how different exit scenarios impact the value of your equity helps you make better decisions about exercising, holding, or selling.', 'If common shareholders are entitled to proceeds only after $200M in preferences are paid out, your equity might be worth nothing in a $150M acquisition but valuable in a $1B IPO. This could significantly impact whether you choose to exercise your options before leaving the company.', 'Companies typically exit through acquisition, IPO, or occasionally secondary sales of significant ownership stakes. Each scenario has different implications for option holders and RSU recipients. IPOs provide liquidity after the lock-up period (typically 180 days), while acquisitions might provide immediate liquidity or rollover equity in the acquiring company.', 'The "preference stack" is critical in determining equity value in different scenarios. In down exits, common shareholders (including option holders) may receive little or nothing after preferences are paid. Complex preference terms like participation rights, multiples, and caps can dramatically affect outcomes. Tax planning differs by exit type: IPOs typically allow for planned selling over time to manage tax impact, while acquisitions often create a single taxable event. Some companies offer "tender offers" or "secondary sales" before formal exits, allowing employees to sell a portion of their vested equity. When evaluating whether to exercise options before leaving, consider the company''s likely exit timeline, size, and preference structure, as well as your personal financial and tax situation.', '{Acquisition,IPO,"Preference Stack","Liquidation Preference","Tender Offer","Tax Planning"}', '2025-05-07 02:30:44.855843+00', '2025-05-07 02:30:44.855843+00'),
	('6cc4b5b0-ef05-4c73-8600-0b8600c9b1c6', 'Navigating RSU Taxation and Liquidity', 'RSUs create tax obligations at vesting that require careful planning, especially when share liquidity is limited.', 'When $100,000 worth of RSUs vest at your company''s IPO, you might owe $40,000 in taxes, but be unable to sell shares during the 180-day lock-up period. Companies typically withhold some shares for taxes, but the withholding might not cover your full tax obligation.', 'RSUs are taxed as ordinary income at vesting, regardless of whether you sell the shares. At public companies, this is straightforward because shares can be sold immediately to cover taxes. At private companies, double-trigger RSUs typically vest upon both time completion and a liquidity event, aligning vesting with the ability to sell shares.', 'For IPO scenarios, companies typically implement a "net settlement" process where they withhold a portion of vesting shares (often at supplemental wage withholding rates of 22-37% federal plus state taxes) to cover estimated tax obligations. This withholding may not cover your full tax liability if you''re in a higher tax bracket. After vesting, additional gains or losses are treated as capital gains/losses when you sell the shares. Some companies offer special programs around IPOs to help employees cover tax obligations during lock-up periods, such as secondary sales, cash advances, or loans. Planning for RSU vesting events should include setting aside additional cash for taxes beyond the standard withholding and understanding your company''s specific policies around withholding and liquidity.', '{RSU,"Tax Withholding","Net Settlement","Lock-up Period","Ordinary Income","Supplemental Wage Rate"}', '2025-05-07 02:30:44.855843+00', '2025-05-07 02:30:44.855843+00'),
	('69f2e395-e380-429d-b7cf-2aaae247245f', 'Employee vs. Founder Equity Structures', 'Employee equity differs significantly from founder equity in structure, taxation, vesting, and control rights.', 'While a founder might own millions of common shares purchased outright at formation for a fraction of a cent each, employees typically receive options or RSUs with higher valuations, complex vesting requirements, and fewer control rights.', 'Founders typically purchase their equity outright at formation, while employees receive options to purchase equity or RSUs that convert to equity over time. Founder equity usually starts fully-owned with reverse vesting applied for investor protection, while employee equity starts unvested and must be earned over time. Founders typically have voting rights and possibly board seats, while employees usually have no governance role.', 'The tax treatment also differs significantly. Founders can file an 83(b) election on their reverse-vesting shares at formation when the value is minimal, starting their capital gains holding period immediately. Employees face higher tax implications as the company valuation increases. Founder equity is also more likely to have special rights like acceleration upon termination without cause or acquisition, and may include alternative equity classes or super-voting rights. While founders typically face more significant dilution over the company''s lifetime, they also start with much larger equity percentages. During down rounds or difficult periods, founder equity is sometimes subject to re-vesting or restructuring to retain founder engagement.', '{"Founder Equity","Common Stock","Reverse Vesting","83(b) Election","Voting Rights","Board Representation"}', '2025-05-07 02:30:44.855843+00', '2025-05-07 02:30:44.855843+00');


--
-- Data for Name: education_quizzes; Type: TABLE DATA; Schema: public; Owner: postgres
--



--
-- Data for Name: equity_grants; Type: TABLE DATA; Schema: public; Owner: postgres
--

INSERT INTO "public"."equity_grants" ("id", "user_id", "company_name", "grant_date", "grant_type", "shares", "strike_price", "vesting_start_date", "vesting_cliff_date", "vesting_end_date", "vesting_schedule", "current_fmv", "created_at", "updated_at", "notes", "accelerated_vesting", "liquidity_event_only") VALUES
	('42a75a57-dbb5-42f8-93fb-ed2c57b0c5e0', 'e6ce2b90-f7e7-4c34-bee5-ad3c5760ff04', 'MXS Solutions', '2023-01-15', 'ISO', 50000, 1.25, '2023-01-15', '2024-01-15', '2027-01-15', 'monthly', 3.50, '2025-05-06 01:57:03.527276+00', '2025-05-06 01:57:03.527276+00', 'Series A equity grant', false, false),
	('9ee94403-97ff-4271-85a5-ffb1fa39c74f', 'e6ce2b90-f7e7-4c34-bee5-ad3c5760ff04', 'MXS Solutions', '2023-06-01', 'RSU', 10000, 0.00, '2023-06-01', '2024-06-01', '2027-06-01', 'quarterly', 3.50, '2025-05-06 01:57:03.527276+00', '2025-05-06 01:57:03.527276+00', 'Performance RSUs', false, false),
	('b5c080d5-40da-4bb5-8037-7b65d156644c', 'e6ce2b90-f7e7-4c34-bee5-ad3c5760ff04', 'Previous Startup', '2019-03-01', 'NSO', 5000, 0.50, '2019-03-01', '2020-03-01', '2023-03-01', 'monthly', 1.75, '2025-05-06 01:57:03.527276+00', '2025-05-06 01:57:03.527276+00', 'Fully vested grant from previous employer', false, false),
	('0052c692-e296-43d0-8801-13558f28c73e', '50211385-86c1-43ee-b034-4c69a442b3df', 'Amazon', '2020-10-01', 'ISO', 15000, 0.75, '2020-10-01', '2021-10-01', '2024-10-01', 'monthly', 3.50, '2025-05-13 17:58:24.083167+00', '2025-05-13 17:58:24.083167+00', '', false, false),
	('32a6fcda-e3e6-4815-b306-4d4af870a2c6', '50211385-86c1-43ee-b034-4c69a442b3df', 'Amazon teams', '2022-01-15', 'RSU', 4000, 0.00, '2022-01-15', '2023-01-15', '2026-01-15', 'quarterly', 3.50, '2025-05-13 18:00:51.360081+00', '2025-05-13 18:00:51.360081+00', '', false, false);


--
-- Data for Name: glossary_terms; Type: TABLE DATA; Schema: public; Owner: postgres
--

INSERT INTO "public"."glossary_terms" ("id", "term", "definition", "examples", "technical_details", "related_terms", "created_at", "updated_at", "tags", "content_level") VALUES
	('558d3c7d-0093-459a-a5d6-8ded60e40c82', 'Strike Price', 'The fixed price at which you can buy shares when exercising your options.', '{"If your strike price is $1 per share and the current FMV is $5, you have a $4 per share ''spread''.","Strike prices are typically set to the Fair Market Value (409A valuation) at the time of grant."}', 'Strike prices must typically be at least equal to the Fair Market Value (FMV) at grant to avoid Section 409A penalties, which can include immediate taxation plus a 20% penalty.', '{"409A Valuation",Exercise,Spread,FMV}', '2025-05-06 19:17:22.918768+00', '2025-05-06 19:17:22.918768+00', '{}', 'beginner'),
	('80d8bf5b-6d94-4232-a5ec-ea18e0e78b69', 'Fair Market Value (FMV)', 'The current value of the company''s shares, usually determined by a 409A valuation.', '{"If your company''s 409A valuation sets the FMV at $5 per share, that''s what the IRS considers the share to be worth for tax purposes.","The FMV may differ significantly from what investors paid in the last funding round, which is often higher."}', 'For privately held companies, the FMV is determined by an independent 409A valuation, typically conducted every 12 months or after significant events like funding rounds. This valuation is used to set strike prices and determine tax liability.', '{"409A Valuation","Strike Price","Preferred Price","Common Stock"}', '2025-05-06 19:17:22.918768+00', '2025-05-06 19:17:22.918768+00', '{}', 'beginner'),
	('a565d910-c948-46ed-8225-dd4e7366e7ce', 'Cliff', 'A period of time you must work before any options vest. Typically 1 year.', '{"With a 1-year cliff, if you leave after 11 months, you get 0 shares. If you stay for 12 months, you get 25% of your shares all at once.","Cliffs protect companies from issuing equity to employees who leave very early."}', 'Cliffs only apply to the initial vesting period. After passing the cliff, vesting typically occurs on a regular schedule (monthly, quarterly) for the remainder of the vesting period.', '{"Vesting Schedule",Vesting,"Four-Year Vesting",Termination}', '2025-05-06 19:17:22.918768+00', '2025-05-06 19:17:22.918768+00', '{}', 'beginner'),
	('86e3a7a8-b8a8-413a-bfdc-72f192c30e1b', 'ISO (Incentive Stock Option)', 'A type of stock option that can qualify for favorable tax treatment if certain requirements are met.', '{"ISOs that are held for at least 1 year after exercise and 2 years after grant can qualify for long-term capital gains treatment.","ISOs are subject to a $100,000 limitation per year of vesting."}', 'ISOs are only available to employees (not contractors or directors). Any ISOs that exceed the $100,000 limit (based on the grant''s fair market value) in a calendar year are automatically treated as NSOs. ISOs don''t trigger income tax at exercise but may trigger AMT.', '{NSO,AMT,"Capital Gains","Disqualifying Disposition","Holding Period"}', '2025-05-06 19:17:22.918768+00', '2025-05-06 19:17:22.918768+00', '{}', 'beginner'),
	('b64ff560-d160-4862-b364-3ec29fcf67e9', 'NSO (Non-Qualified Stock Option)', 'Stock options that don''t qualify for special tax treatment and are taxed as ordinary income upon exercise.', '{"When exercising NSOs, you pay ordinary income tax on the spread between the strike price and the FMV.","NSOs can be granted to anyone: employees, contractors, directors, etc."}', 'Unlike ISOs, there is no holding period requirement for NSOs. The spread at exercise is always treated as ordinary income and subject to both income tax and employment taxes. Any appreciation after exercise is treated as capital gain or loss.', '{ISO,"Ordinary Income",Spread,Exercise,"Form W-2"}', '2025-05-06 19:17:22.918768+00', '2025-05-06 19:17:22.918768+00', '{}', 'beginner'),
	('690d76b7-bc82-4953-b30e-bb46f41c9938', 'RSU (Restricted Stock Unit)', 'A promise to give you shares in the future, typically when they vest.', '{"If you''re granted 1,000 RSUs that vest over 4 years, you receive actual shares as they vest without paying an exercise price.","RSUs at public companies convert to shares upon vesting. At private companies, they often have a \"double-trigger\" requiring both time-based vesting and a liquidity event."}', 'RSUs are always taxed as ordinary income when they vest and the shares are delivered. The entire value of the shares at vesting is taxable, regardless of what you paid for them (which is typically nothing). Companies often withhold some shares for tax purposes.', '{"Double-Trigger RSU",Withholding,"Tax Liability",Vesting,"Liquidity Event"}', '2025-05-06 19:17:22.918768+00', '2025-05-06 19:17:22.918768+00', '{}', 'beginner'),
	('7ecab41f-7ac8-473f-9136-2e207f3fd06b', 'AMT (Alternative Minimum Tax)', 'A parallel tax system that can be triggered when exercising ISOs.', '{"If you exercise ISOs with a large spread between strike price and FMV, you might owe AMT even though you haven''t sold the shares and haven''t realized any cash gain.","AMT can create a significant cash requirement at tax time after exercising ISOs."}', 'AMT is calculated by adding the ISO spread (FMV minus strike price) to your regular income and applying the AMT tax rates after an exemption. The difference between your regular tax and AMT calculation is the additional tax you owe. AMT paid creates a credit that may be recovered in future years.', '{ISO,Exercise,"AMT Credit",Spread,"Tax Planning"}', '2025-05-06 19:17:22.918768+00', '2025-05-06 19:17:22.918768+00', '{}', 'beginner'),
	('5fa249e9-7d6c-4c7a-83f5-ff2cd4822480', '409A Valuation', 'An independent appraisal of a private company''s stock value for tax purposes.', '{"A 409A valuation might determine that common shares are worth $5 each, even if investors just paid $10 per preferred share in the latest funding round.","Companies typically get a new 409A valuation after each funding round or major business event."}', 'Named after Section 409A of the Internal Revenue Code, these valuations provide "safe harbor" protection, meaning the IRS generally won''t challenge the valuation if it''s performed by a qualified third party. 409A valuations typically result in lower values for common stock compared to preferred stock due to liquidation preferences and other rights.', '{"Fair Market Value","Common Stock","Preferred Stock","Safe Harbor","Strike Price"}', '2025-05-06 19:17:22.918768+00', '2025-05-06 19:17:22.918768+00', '{}', 'beginner'),
	('f4ad894c-5481-4285-a8e5-7e0a5c4ada78', '83(b) Election', 'A tax election that allows you to pay taxes on equity at the time of grant or exercise rather than at vesting.', '{"If you early exercise 10,000 options with no spread, filing an 83(b) election means you pay no tax now and all future appreciation is capital gain.","Without an 83(b) election, each vesting event creates a taxable event based on the FMV at that time."}', 'The 83(b) election must be filed with the IRS within 30 days of receiving unvested shares (usually through early exercise). The election is irrevocable, so if the company fails, you cannot recover the taxes paid. This election is particularly valuable when the current value is low and expected to increase.', '{"Early Exercise",Vesting,"Capital Gains","Ordinary Income","Tax Planning"}', '2025-05-06 19:17:22.918768+00', '2025-05-06 19:17:22.918768+00', '{}', 'beginner'),
	('f22cf2d2-c94c-4cbd-915a-3646de9330c1', 'Spread', 'The difference between the strike price of an option and the current fair market value of the underlying stock.', '{"If your strike price is $1 and the current FMV is $10, the spread is $9 per share.","For NSOs, the spread at exercise is taxed as ordinary income."}', 'The spread is a key factor in determining tax liability at exercise. For NSOs, the spread is subject to ordinary income tax and employment taxes. For ISOs, the spread does not create regular income tax but may trigger AMT. A large spread can create significant tax liability without generating any cash to pay it.', '{Exercise,"Strike Price",FMV,"Tax Liability","Underwater Options"}', '2025-05-06 19:17:22.918768+00', '2025-05-06 19:17:22.918768+00', '{}', 'beginner'),
	('af537f40-6bb9-4040-95fc-2499dfa24217', 'Fully Diluted Shares', 'The total number of shares that would be outstanding if all possible sources of conversion were exercised.', '{"Fully diluted shares include outstanding shares, unexercised options, unvested RSUs, unissued shares reserved for future grants, and convertible securities.","If you own 10,000 shares of a company with 10 million fully diluted shares, you own 0.1% of the company."}', 'Fully diluted capitalization provides the most conservative view of ownership percentage, as it assumes all options, warrants, convertible notes, and other rights to acquire shares are exercised. When calculating your ownership percentage, always use fully diluted shares as the denominator.', '{"Capitalization Table","Option Pool",Dilution,"Convertible Securities","Percentage Ownership"}', '2025-05-06 19:17:22.918768+00', '2025-05-06 19:17:22.918768+00', '{}', 'beginner'),
	('21e9679a-a277-4746-8901-d35e0287ed8e', 'Liquidation Preference', 'A feature of preferred stock that determines the order and amount in which shareholders get paid in an exit event.', '{"With a 1x liquidation preference, investors get their money back before common shareholders receive anything.","A 2x participating preference means investors get twice their investment back plus a pro-rata share of the remaining proceeds."}', 'Liquidation preferences are critical in determining how much common shareholders (including employees with options) receive in an exit. Multiple layers of preferences from different funding rounds create a "preference stack" that must be satisfied before common shareholders receive value.', '{"Preferred Stock","Participating vs. Non-participating","Waterfall Analysis","Exit Valuation","Common Stock"}', '2025-05-06 19:17:22.918768+00', '2025-05-06 19:17:22.918768+00', '{}', 'beginner'),
	('6401d41f-065f-471a-807d-2d836e7fc697', 'Exercise', 'The act of purchasing shares by paying the strike price for options.', '{"To exercise 1,000 options with a $2 strike price, you would pay $2,000 to the company to receive 1,000 shares.","Some companies allow \"cashless exercise\" where you sell enough shares to cover the exercise cost."}', 'Exercise can be done in several ways: cash exercise (paying the full strike price), cashless exercise (selling shares to cover costs), or net exercise (receiving fewer shares equivalent to the spread). Each method has different tax implications. Exercise triggers tax events, which vary based on the type of options (ISO vs. NSO).', '{"Strike Price","Cashless Exercise","Net Exercise","Tax Liability","ISO vs. NSO"}', '2025-05-06 19:17:22.918768+00', '2025-05-06 19:17:22.918768+00', '{}', 'beginner'),
	('f2a0ffd4-b2f5-49cc-b56b-e60b9a378e0e', 'Acceleration', 'Provisions that cause unvested equity to vest more quickly upon specific events, such as acquisition or termination.', '{"Single-trigger acceleration might cause 25% of your unvested shares to vest immediately upon acquisition.","Double-trigger acceleration requires two events, typically a change in control followed by termination without cause within a specific timeframe."}', 'Acceleration provisions are negotiable and might not be included in standard option agreements. They can be particularly valuable in acquisition scenarios. "Full acceleration" means all unvested shares immediately vest, while "partial acceleration" only accelerates a portion (e.g., 12 months worth of vesting).', '{Single-trigger,Double-trigger,"Change in Control","Termination Without Cause",Negotiation}', '2025-05-06 19:17:22.918768+00', '2025-05-06 19:17:22.918768+00', '{}', 'beginner'),
	('bef691ce-d1fa-4410-a35a-c52da0a85b8d', 'Tender Offer', 'A structured opportunity for employees to sell some of their vested equity, typically to existing investors or the company itself.', '{"A company might offer to buy back up to 10% of each employee''s vested shares at the latest preferred price.","Tender offers often occur after a significant financing round and may include minimum employment tenure requirements."}', 'Tender offers are formal processes with legal requirements, including disclosure of company financial information. They typically happen at private companies to provide liquidity to employees before an IPO or acquisition. Participation is voluntary, and the price is pre-determined.', '{"Secondary Sale",Liquidity,"Preferred Price","Disclosure Requirements","Right of First Refusal"}', '2025-05-06 19:17:22.918768+00', '2025-05-06 19:17:22.918768+00', '{}', 'beginner'),
	('4c9d0697-d37b-46e7-b7d4-4d061007ae32', 'Post-Termination Exercise Window', 'The period after leaving a company during which you can exercise vested options.', '{"With a standard 90-day exercise window, you must exercise your options within 90 days of leaving the company or forfeit them.","Some companies offer extended windows of 1-10 years, giving former employees more time to decide."}', 'The standard 90-day window creates pressure to exercise quickly after leaving, often requiring significant cash at a time when you might be between jobs. For ISOs, exercising after 90 days automatically converts them to NSOs, losing potential tax advantages. Extended exercise windows are becoming more common as a more employee-friendly practice.', '{Termination,Exercise,"Early Exercise","ISO to NSO Conversion",Forfeit}', '2025-05-06 19:17:22.918768+00', '2025-05-06 19:17:22.918768+00', '{}', 'beginner'),
	('6e3e06fc-dd77-4a20-8ab0-505a0470dfc0', 'Disqualifying Disposition', 'Selling ISO shares before meeting the required holding periods for favorable tax treatment.', '{"If you exercise ISOs and sell the shares 6 months later, it''s a disqualifying disposition that makes the gain ordinary income rather than capital gains.","To avoid a disqualifying disposition, you must hold ISO shares for at least 1 year after exercise and 2 years after grant."}', 'A disqualifying disposition eliminates the potential tax benefit of ISOs, effectively treating them like NSOs. The spread at exercise becomes ordinary income in the year of the disqualifying disposition, not in the year of exercise, which can actually be advantageous in some cases by avoiding AMT.', '{ISO,"Holding Period","Ordinary Income","Capital Gains",AMT}', '2025-05-06 19:17:22.918768+00', '2025-05-06 19:17:22.918768+00', '{}', 'beginner'),
	('7deec258-54f5-43c4-a31a-854d68bf62df', 'Cap Table', 'A capitalization table that shows the equity ownership breakdown of a company, including all shareholders and their respective ownership percentages.', '{"A cap table might show that founders own 40%, investors own 45%, and the employee option pool represents 15% of the company.","Cap tables become increasingly complex with each funding round as new investors join and dilution occurs."}', 'Cap tables track all forms of equity: common stock, preferred stock, options, warrants, convertible notes, and SAFEs. They also record key details like share price, liquidation preferences, and anti-dilution provisions that affect ownership value in different exit scenarios.', '{"Fully Diluted Shares","Ownership Percentage",Dilution,"Option Pool","Preferred Stock"}', '2025-05-07 02:20:09.446647+00', '2025-05-07 02:20:09.446647+00', '{}', 'beginner'),
	('366118e8-bdce-42c0-adb5-7a6daf150e2b', 'Double-Trigger RSU', 'Restricted Stock Units that require two conditions to be met before vesting: time-based vesting and a liquidity event (like an IPO or acquisition).', '{"If you have double-trigger RSUs on a 4-year vesting schedule, you might have \"earned\" all of them after 4 years, but won''t actually receive the shares until the company goes public or is acquired.","Double-trigger RSUs help employees avoid tax liability on illiquid shares."}', 'Double-trigger RSUs are the standard at private companies to prevent employees from being taxed on shares they cannot sell. The tax event is deferred until both triggers occur. At that point, the value of the shares at vesting is taxed as ordinary income. Public companies typically use single-trigger RSUs that vest based on time alone.', '{RSU,"Liquidity Event",IPO,Acquisition,"Tax Liability"}', '2025-05-07 02:20:09.446647+00', '2025-05-07 02:20:09.446647+00', '{}', 'beginner'),
	('d702e7bf-34ee-41f9-bdd4-88d4903fb39b', 'Option Pool', 'A portion of a company''s shares reserved for future issuance to employees, directors, advisors, and consultants.', '{"A typical option pool might be 15-20% of a company''s fully diluted shares after a Series A financing.","If an option pool is running low, the company might need to create a new one, which can cause dilution for existing shareholders."}', 'The option pool is typically created before a financing round and comes out of the founders'' and existing shareholders'' ownership, not the new investors''. This practice is known as the "pre-money option pool." The size of the option pool affects the effective valuation for existing shareholders, as a larger pool means more dilution.', '{"Fully Diluted Shares",Dilution,"Pre-Money Option Pool","Post-Money Option Pool","Employee Equity"}', '2025-05-07 02:20:09.446647+00', '2025-05-07 02:20:09.446647+00', '{}', 'beginner'),
	('7cfcf6a9-e171-43d6-a8e4-293576dd5713', 'Net Exercise', 'A cashless method of exercising stock options where you receive fewer shares equal to the spread value, without needing to pay the strike price.', '{"With 1,000 options at a $1 strike price and $11 FMV, a net exercise would give you 900 shares without any cash payment ($10 spread  1,000 options = $10,000 value; $10,000  $11 = ~909 shares).","Net exercises can be especially useful when leaving a company with a short exercise window and limited cash."}', 'Net exercises are more tax-efficient than cashless exercises that involve selling shares on the market, as there''s no broker commission. For NSOs, the spread is still taxed as ordinary income. For ISOs, a net exercise is considered a disqualifying disposition, converting them to NSO tax treatment. Not all companies allow net exercises.', '{"Cashless Exercise",Exercise,Spread,"Tax Liability","Strike Price"}', '2025-05-07 02:20:09.446647+00', '2025-05-07 02:20:09.446647+00', '{}', 'beginner'),
	('3c227f8c-8c0c-4720-b43f-c66843b6c2ff', 'QSBS (Qualified Small Business Stock)', 'A special tax treatment that can allow eligible stockholders to exclude up to 100% of capital gains from federal taxation when selling qualified small business stock.', '{"If you exercise options in an eligible startup and hold the shares for at least 5 years before an acquisition, you might pay zero federal capital gains tax on up to $10 million in gains.","QSBS can provide enormous tax savings compared to regular capital gains rates of 15-20%."}', 'To qualify for QSBS treatment under Section 1202 of the Internal Revenue Code, shares must be acquired directly from a C-Corporation with less than $50 million in gross assets, held for at least 5 years, and the company must be in a qualified trade or business. The exclusion percentage (50%, 75%, or 100%) depends on when the shares were acquired, with 100% applying to shares acquired after September 27, 2010.', '{"Capital Gains","Tax Planning","Early Exercise",C-Corporation,"Holding Period"}', '2025-05-07 02:20:09.446647+00', '2025-05-07 02:20:09.446647+00', '{}', 'beginner'),
	('93065112-2c27-4585-8115-2d40ce3221f1', 'Cashless Exercise', 'An option exercise method where some shares are immediately sold to cover the strike price and/or tax liability, without requiring upfront cash.', '{"With 1,000 options at a $2 strike price and $12 current price, you could sell 200 shares to cover the $2,000 exercise cost and keep 800 shares.","Cashless exercises are common during IPOs when employees exercise and sell in a coordinated transaction."}', 'Cashless exercises typically require a liquid market for the shares or a specific company program. They come in two main forms: "same-day sale" (selling enough shares to cover costs and taxes) and "sell-to-cover" (selling only enough to cover costs and taxes, keeping the rest). For ISOs, a cashless exercise is automatically a disqualifying disposition since some shares are sold immediately.', '{Exercise,"Net Exercise","Same-Day Sale",Sell-to-Cover,Liquidity}', '2025-05-07 02:20:09.446647+00', '2025-05-07 02:20:09.446647+00', '{}', 'beginner'),
	('bc10f354-4611-4e6b-a07d-2bfa53489fec', 'Refresh Grant', 'Additional equity grants given to employees after they''ve been at the company for some time, typically to prevent "equity vesting cliffs" and retain talent.', '{"After 2 years at the company, you might receive a refresh grant of options that vest over the next 4 years, ensuring you always have unvested equity providing retention incentive.","Refresh grants may be tied to performance or given as standard practice to all employees annually."}', 'Unlike initial grants that typically have a cliff, refresh grants often begin vesting immediately on a monthly or quarterly schedule. The size of refresh grants might be smaller than initial grants but increase with seniority. These grants are important for retention as employees approach full vesting of their initial grants, which could otherwise create an incentive to leave for a new full grant elsewhere.', '{Retention,"Vesting Schedule",Cliff,"Total Compensation","Equity Value"}', '2025-05-07 02:20:09.446647+00', '2025-05-07 02:20:09.446647+00', '{}', 'beginner'),
	('0d3cf5eb-65c0-4039-9f59-2b11e65dae61', 'Underwater Options', 'Stock options whose strike price is higher than the current fair market value of the company''s shares, making them effectively worthless to exercise.', '{"If your options have a $10 strike price but the company''s shares are now worth $5, they are underwater by $5 per share.","Market downturns or down rounds can cause previously valuable options to go underwater."}', 'Companies sometimes address underwater options through repricing (issuing new options with a lower strike price in exchange for the underwater options) or option exchanges (offering RSUs or cash incentives). However, these remedies are complex and can create accounting and tax challenges. Many employees simply abandon underwater options if the company prospects don''t improve.', '{"Strike Price",FMV,Repricing,"Option Exchange","Down Round"}', '2025-05-07 02:20:09.446647+00', '2025-05-07 02:20:09.446647+00', '{}', 'beginner'),
	('850a70ce-5459-46a6-b85d-91e95347c6da', 'Preferred Stock', 'A class of company stock that has special rights and privileges that common stock (including stock issued from employee options) does not have.', '{"Investors typically receive preferred stock that guarantees they get their investment back before common stockholders receive anything in an exit.","Preferred stock often comes with board seats, information rights, pro-rata rights, and other preferential terms."}', 'Preferred stock typically includes liquidation preferences, participation rights, anti-dilution protection, and conversion rights. These terms can significantly impact how much value flows to common stockholders (including employees) in different exit scenarios. Each funding round typically creates a new series of preferred stock (Series A, Series B, etc.) with its own terms.', '{"Common Stock","Liquidation Preference","Participating Preferred","Non-participating Preferred","Convertible Securities"}', '2025-05-07 02:20:09.446647+00', '2025-05-07 02:20:09.446647+00', '{}', 'beginner'),
	('1427e29f-9ec3-4929-8734-e0f94fc2a47c', 'Right of First Refusal (ROFR)', 'A contractual right that gives the company or existing investors the option to purchase shares that an employee or other shareholder wants to sell to a third party, matching the terms offered by that third party.', '{"If you want to sell your shares to an outside investor for $10 per share, the company may exercise its ROFR to buy those shares itself for the same price.","ROFRs can complicate and slow down secondary sales, as the company typically has 30 days or more to decide whether to exercise its right."}', 'ROFRs are standard in startup equity agreements and are designed to give companies control over their cap table and shareholder base. They apply not just to shares received through option exercises but often extend to any transfers, including gifts and estate transfers. Some companies waive their ROFR during specific liquidity windows or tender offers.', '{"Transfer Restrictions","Secondary Sales",Liquidity,"Tender Offer","Cap Table"}', '2025-05-07 02:20:09.446647+00', '2025-05-07 02:20:09.446647+00', '{}', 'beginner'),
	('f8cb224b-bc8e-4b84-9d79-87aefb358009', 'Withholding Taxes', 'Taxes that are collected at the time equity compensation is delivered, typically by withholding a portion of the shares or requiring cash payment.', '{"When your RSUs vest, the company might withhold 37% of the shares to cover federal and state tax obligations.","For a large RSU vest worth $100,000, the withholding requirement could be $35,000-$45,000, which is typically handled by retaining some of the shares."}', 'Withholding is mandatory for RSUs at vesting and for NSOs at exercise if done through company-facilitated programs. The default withholding rate is often the supplemental wage rate (22% federal, plus state taxes), but for amounts over $1 million, it increases to 37% federal. Employees may still owe additional taxes if their actual tax bracket is higher than the withholding rate.', '{RSU,NSO,"Tax Liability","Supplemental Wage Rate","Form W-2"}', '2025-05-07 02:20:09.446647+00', '2025-05-07 02:20:09.446647+00', '{}', 'beginner'),
	('13daaaa5-d854-43bd-a75a-839a340557f3', 'Capital Gains', 'Profits from selling equity that has been held as a capital asset, which may qualify for lower tax rates compared to ordinary income.', '{"If you exercise options at $2 per share and later sell at $12 after holding for more than a year, the $10 per share gain might qualify for long-term capital gains rates of 15-20% instead of ordinary income rates up to 37%.","Capital gains treatment is one of the primary tax advantages of equity compensation when managed correctly."}', 'Short-term capital gains (for assets held 1 year or less) are taxed at ordinary income rates. Long-term capital gains (for assets held more than 1 year) are taxed at preferential rates: 0% for income up to $40,000, 15% for income up to $441,450, and 20% for income above that (2020 single filer rates). An additional 3.8% Net Investment Income Tax applies to high earners. State taxes also apply and do not always offer preferential rates.', '{"Long-term Capital Gains","Short-term Capital Gains","Holding Period","Tax Planning","Cost Basis"}', '2025-05-07 02:20:09.446647+00', '2025-05-07 02:20:09.446647+00', '{}', 'beginner'),
	('45cae7ec-f9db-4131-9c90-a87ded0ae738', 'Ordinary Income', 'Income that is taxed at standard tax bracket rates, as opposed to capital gains rates or other preferentially taxed income.', '{"The spread on NSO exercises is always taxed as ordinary income, which can be as high as 37% federal plus state taxes.","RSUs are taxed as ordinary income at vesting, regardless of whether you sell the shares."}', 'Ordinary income from equity compensation is subject to both income tax (federal rates of 10-37% depending on bracket) and employment taxes (Medicare and possibly Social Security). Ordinary income tax rates are typically higher than long-term capital gains rates, making tax planning crucial for equity compensation. Strategies like early exercise with 83(b) election aim to minimize ordinary income tax exposure.', '{"Tax Bracket","Employment Taxes","Income Tax",NSO,RSU}', '2025-05-07 02:20:09.446647+00', '2025-05-07 02:20:09.446647+00', '{}', 'beginner'),
	('b33e2c60-bef9-433c-9f9c-d1310628b4ae', 'Cost Basis', 'The original value of an asset for tax purposes, used to determine capital gains or losses when the asset is sold.', '{"If you exercise options at $2 per share, your cost basis is $2 plus any fees or commissions.","When selling shares, your capital gain or loss is the difference between the sale price and your cost basis."}', 'For stock options, the cost basis varies by type: for NSOs, it''s the strike price plus the spread that was taxed as ordinary income at exercise; for ISOs with qualifying dispositions, it''s simply the strike price; for ISOs with disqualifying dispositions, it depends on timing. Accurate records of cost basis are essential for proper tax reporting on Form 8949 when selling shares.', '{"Capital Gains","Strike Price",Exercise,"Tax Basis","Form 8949"}', '2025-05-07 02:20:09.446647+00', '2025-05-07 02:20:09.446647+00', '{}', 'beginner'),
	('001a365a-22f3-45ad-b6d1-b7165417d249', 'Form 3921', 'An IRS tax form that companies must provide to employees who exercise incentive stock options (ISOs).', '{"Your company will send you Form 3921 by January 31 of the year following your ISO exercise, showing details like the exercise date, number of shares, and FMV at exercise.","You''ll need information from Form 3921 to properly report your taxes and calculate any AMT implications."}', 'Form 3921 includes critical information for tax reporting: the date of exercise, strike price, FMV at exercise, and number of shares. This information is used to calculate the ISO spread for AMT purposes and to establish the holding periods for qualifying disposition treatment. Companies must file these forms with the IRS and provide copies to employees.', '{ISO,Exercise,AMT,"Tax Reporting","Qualifying Disposition"}', '2025-05-07 02:20:09.446647+00', '2025-05-07 02:20:09.446647+00', '{}', 'beginner'),
	('21bdd507-1df2-4e9e-a3d3-989d41c2ee69', 'Lock-up Period', 'A period after an IPO during which employees and insiders are prohibited from selling their shares.', '{"After your company''s IPO, you might be subject to a 180-day lock-up period before you can sell any of your shares.","Lock-up periods are designed to prevent a flood of insider selling immediately after an IPO, which could depress the stock price."}', 'Lock-up periods typically range from 90 to 180 days and are required by the IPO underwriters. The restriction applies to shares acquired through options or RSUs before or at the IPO. Lock-up periods can create significant tax challenges, especially for RSUs that vest with the IPO, as employees may owe taxes on shares they cannot yet sell. Some companies implement special programs to help employees cover these tax liabilities.', '{IPO,Liquidity,"Insider Trading","Rule 10b5-1 Plan","Trading Window"}', '2025-05-07 02:20:09.446647+00', '2025-05-07 02:20:09.446647+00', '{}', 'beginner'),
	('2adbc2d0-aa96-4f4e-8000-7e5b876175a1', 'Down Round', 'A financing round where a company raises capital at a lower valuation than its previous round.', '{"If a company valued at $100 million in the Series B raises its Series C at $60 million, that''s a down round.","Down rounds can be particularly painful for employee equity, as they cause significant dilution and can leave options underwater."}', 'Down rounds often trigger anti-dilution protections for preferred shareholders, which further dilute common shareholders (including employees with options). They may also trigger option repricing discussions, vesting acceleration provisions, or additional equity grants to retain employees whose equity has lost value. Down rounds typically indicate that the company is facing challenges, though they can also occur during broader market downturns.', '{Valuation,Anti-dilution,"Underwater Options",Dilution,Repricing}', '2025-05-07 02:20:09.446647+00', '2025-05-07 02:20:09.446647+00', '{}', 'beginner');


--
-- Data for Name: learning_modules; Type: TABLE DATA; Schema: public; Owner: postgres
--

INSERT INTO "public"."learning_modules" ("id", "slug", "title", "description", "level", "estimated_duration", "is_active", "display_order", "created_at", "updated_at") VALUES
	('0148f63a-ed2c-4ea5-abe9-ac14dee854ed', 'equity-fundamentals', 'Equity Fundamentals', 'A beginner-friendly course on equity compensation basics', 'beginner', '45-60 minutes', true, 1, '2025-05-22 21:59:50.098997+00', '2025-05-22 21:59:50.098997+00');


--
-- Data for Name: learning_paths; Type: TABLE DATA; Schema: public; Owner: postgres
--

INSERT INTO "public"."learning_paths" ("id", "title", "description", "level", "modules", "recommended_for", "estimated_time", "created_at", "updated_at", "user_id", "is_template", "restart_enabled", "completion_requirements", "last_updated_by", "version") VALUES
	('b384a83c-ec77-438d-9cb2-92da1954ee14', 'Equity Fundamentals', 'Learn the basics of equity compensation and how different types of equity work.', 'beginner', '[{"id": "module-1", "title": "Understanding Equity Basics", "quiz_id": "equity-basics-quiz", "content_ids": ["intro-to-equity", "types-of-equity"]}, {"id": "module-2", "title": "Vesting Schedules Explained", "content_ids": ["vesting-schedules", "cliff-vesting"], "interactive_id": "vesting-calculator"}, {"id": "module-3", "title": "Exercise and Tax Fundamentals", "quiz_id": "exercise-tax-quiz", "content_ids": ["exercise-basics", "tax-implications"]}]', '{"New employees","First-time equity recipients"}', '45-60 minutes', '2025-05-20 01:59:22.72768+00', '2025-05-22 18:06:31.359196+00', NULL, true, true, '{"min_quiz_score": 70, "min_lessons_completed": 6}', NULL, 1),
	('bc8c60c0-8537-4e70-9a67-36f275078bb1', 'Equity Fundamentals 101', 'A beginner-friendly introduction to equity compensation fundamentals. Learn the basic concepts, terminology, and how startup equity works.', 'beginner', '[{"id": "beginner-module-1", "title": "Introduction to Equity Compensation", "quiz_id": "equity-basics-quiz-1", "content_ids": ["intro-to-equity", "why-companies-offer-equity"], "description": "Understand what equity compensation is and why companies offer it.", "estimated_time": "15 minutes"}, {"id": "beginner-module-2", "title": "Types of Equity: ISOs, NSOs, and RSUs", "quiz_id": "equity-types-quiz", "content_ids": ["equity-types-overview", "iso-vs-nso", "rsu-basics"], "description": "Learn the differences between the main types of equity compensation.", "estimated_time": "20 minutes"}, {"id": "beginner-module-3", "title": "Understanding Your Equity Offer", "content_ids": ["reading-equity-offers", "equity-value-calculation"], "description": "Learn how to read and understand an equity offer in your compensation package.", "estimated_time": "25 minutes", "interactive_id": "offer-value-calculator"}, {"id": "beginner-module-4", "title": "Vesting Schedules Explained", "content_ids": ["vesting-schedules", "cliff-vesting", "vesting-examples"], "description": "Understand how vesting works and what common vesting schedules look like.", "estimated_time": "20 minutes", "interactive_id": "vesting-timeline-calculator"}]', '{"New employees","First-time equity recipients","Career changers entering tech"}', '80-90 minutes', '2025-05-20 02:35:14.434097+00', '2025-05-22 18:06:31.359196+00', NULL, true, true, '{"min_quiz_score": 70, "min_lessons_completed": 6}', NULL, 1),
	('ef86a9eb-a17d-4a85-88d8-c17ed213f0bc', 'Equity Tax Planning Essentials', 'An intermediate guide to understanding and optimizing the tax implications of your equity compensation.', 'intermediate', '[{"id": "intermediate-module-1", "title": "Equity Taxation Fundamentals", "quiz_id": "tax-basics-quiz", "content_ids": ["tax-overview", "equity-tax-events", "ordinary-vs-capital-gains"], "description": "Learn the basics of how different equity types are taxed.", "estimated_time": "25 minutes"}, {"id": "intermediate-module-2", "title": "Understanding AMT and ISOs", "content_ids": ["amt-explained", "iso-amt-implications", "amt-calculation-example"], "description": "Learn how Alternative Minimum Tax affects ISO exercises and strategies to manage it.", "estimated_time": "30 minutes", "interactive_id": "amt-calculator"}, {"id": "intermediate-module-3", "title": "Early Exercise and 83(b) Elections", "quiz_id": "early-exercise-quiz", "content_ids": ["early-exercise-strategies", "83b-election-explained", "83b-filing-process"], "description": "Learn about early exercise opportunities and tax elections that can save you money.", "estimated_time": "25 minutes"}, {"id": "intermediate-module-4", "title": "Exercise and Sell Strategies", "content_ids": ["exercise-timing", "sell-strategies", "tax-planning-case-studies"], "description": "Explore different approaches to exercising options and selling shares to optimize taxes.", "estimated_time": "35 minutes", "interactive_id": "exercise-strategy-simulator"}, {"id": "intermediate-module-5", "title": "Multi-Year Tax Planning", "content_ids": ["multi-year-planning", "tax-bracket-management", "long-term-strategies"], "description": "Learn how to create a multi-year strategy for exercising and selling.", "estimated_time": "25 minutes", "interactive_id": "multi-year-tax-planner"}]', '{"Employees with vesting equity","People facing exercise decisions","Tax planning enthusiasts"}', '140-150 minutes', '2025-05-20 02:35:14.434097+00', '2025-05-22 18:06:31.359196+00', NULL, true, true, '{"min_quiz_score": 70, "min_lessons_completed": 6}', NULL, 1),
	('ac4fe239-f320-4328-a753-26f8805a8b1f', 'Advanced Equity Strategies', 'An advanced course for optimizing complex equity situations, including exit planning, secondary markets, and special situations.', 'advanced', '[{"id": "advanced-module-1", "title": "Exit Scenarios: IPOs and Acquisitions", "quiz_id": "exit-scenarios-quiz", "content_ids": ["ipo-process-equity-impact", "acquisition-scenarios", "lockup-periods"], "description": "Understand how different exit scenarios affect your equity and plan accordingly.", "estimated_time": "30 minutes"}, {"id": "advanced-module-2", "title": "Secondary Markets and Tender Offers", "quiz_id": "secondary-transactions-quiz", "content_ids": ["secondary-markets-explained", "tender-offer-process", "valuation-discounts"], "description": "Learn about opportunities to sell private company equity before an exit event.", "estimated_time": "25 minutes"}, {"id": "advanced-module-3", "title": "Advanced AMT Strategies", "content_ids": ["amt-credit-tracking", "amt-strategies", "sequential-exercises"], "description": "Advanced strategies for managing and recovering AMT credits.", "estimated_time": "35 minutes", "interactive_id": "advanced-amt-calculator"}, {"id": "advanced-module-4", "title": "Equity in Special Situations", "quiz_id": "special-situations-quiz", "content_ids": ["down-rounds", "m-and-a-negotiation", "acceleration-provisions", "repricing"], "description": "Navigate complex scenarios like company restructuring, acquisition offers, and down rounds.", "estimated_time": "40 minutes"}, {"id": "advanced-module-5", "title": "Comprehensive Estate Planning for Equity", "content_ids": ["equity-estate-planning", "trust-strategies", "gift-tax-considerations"], "description": "Strategies for integrating equity into estate planning for long-term wealth transfer.", "estimated_time": "35 minutes", "interactive_id": "estate-planning-simulator"}]', '{Executives,"Senior employees with significant equity","Financial advisors","Those approaching liquidity events"}', '165-180 minutes', '2025-05-20 02:35:14.434097+00', '2025-05-22 18:06:31.359196+00', NULL, true, true, '{"min_quiz_score": 70, "min_lessons_completed": 6}', NULL, 1),
	('da869fd5-4791-46e7-a012-76de606508d7', 'Founder Equity: Building and Managing Cap Tables', 'A specialized track for founders on creating equity structures, building cap tables, and managing equity as a company grows.', 'advanced', '[{"id": "founder-module-1", "title": "Founder Equity Structures", "quiz_id": "founder-structures-quiz", "content_ids": ["founder-vesting", "founder-tax-treatment", "co-founder-equity-splits"], "description": "Learn how to structure founding team equity and handle critical early decisions.", "estimated_time": "30 minutes"}, {"id": "founder-module-2", "title": "Building Your Cap Table", "content_ids": ["cap-table-basics", "modeling-funding-rounds", "option-pool-management"], "description": "Create and manage a capitalization table through various funding rounds.", "estimated_time": "40 minutes", "interactive_id": "cap-table-simulator"}, {"id": "founder-module-3", "title": "Equity Compensation Design", "quiz_id": "equity-design-quiz", "content_ids": ["designing-equity-plans", "benchmarking-grants", "employee-communication"], "description": "Design effective equity compensation plans for attracting and retaining talent.", "estimated_time": "35 minutes"}, {"id": "founder-module-4", "title": "Fundraising and Equity Dilution", "content_ids": ["dilution-management", "preferred-vs-common", "negotiating-terms"], "description": "Understand dilution, negotiation tactics, and investor equity structures.", "estimated_time": "35 minutes", "interactive_id": "dilution-calculator"}, {"id": "founder-module-5", "title": "Exit Planning for Founders", "quiz_id": "founder-exit-quiz", "content_ids": ["founder-exit-planning", "acquisition-preparation", "ipo-readiness"], "description": "Strategize for potential exits and maximize founder equity value.", "estimated_time": "35 minutes"}]', '{"Startup founders",Co-founders,"Early startup employees",Entrepreneurs}', '175-190 minutes', '2025-05-20 02:35:14.434097+00', '2025-05-22 18:06:31.359196+00', NULL, true, true, '{"min_quiz_score": 70, "min_lessons_completed": 6}', NULL, 1),
	('7b0a4736-16a8-4560-b85d-26e926f748f9', 'Evaluating Equity at Early-Stage Companies', 'A practical guide for evaluating equity offers and understanding the risks and rewards of joining an early-stage company.', 'intermediate', '[{"id": "early-stage-module-1", "title": "Evaluating Startup Equity Offers", "content_ids": ["equity-offer-evaluation", "equity-vs-cash-tradeoffs", "negotiation-tactics"], "description": "Learn how to assess and compare equity compensation offers from early-stage companies.", "estimated_time": "30 minutes", "interactive_id": "offer-comparison-tool"}, {"id": "early-stage-module-2", "title": "Valuation and Ownership Calculations", "content_ids": ["409a-valuation-basics", "ownership-calculation", "dilution-modeling"], "description": "Understand how to calculate potential equity value and ownership percentage.", "estimated_time": "25 minutes", "interactive_id": "ownership-calculator"}, {"id": "early-stage-module-3", "title": "Risk Assessment and Company Evaluation", "quiz_id": "risk-assessment-quiz", "content_ids": ["startup-risk-factors", "growth-indicators", "due-diligence-checklist"], "description": "Framework for assessing company potential and the risk profile of your equity.", "estimated_time": "35 minutes"}, {"id": "early-stage-module-4", "title": "Equity and Career Growth", "content_ids": ["refresh-grants", "promotion-equity", "retention-strategies"], "description": "Understand how equity fits into your career progression at startups.", "estimated_time": "25 minutes", "interactive_id": "career-growth-simulator"}]', '{"Job seekers considering startups","Career changers","First-time startup employees"}', '115-130 minutes', '2025-05-20 02:35:14.434097+00', '2025-05-22 18:06:31.359196+00', NULL, true, true, '{"min_quiz_score": 70, "min_lessons_completed": 6}', NULL, 1),
	('e005ec9c-1441-49e3-8ad8-c554d804e903', 'Quick Guide: Exercise Decision Framework', 'A practical framework to help you decide when and how many options to exercise, with a focus on actionable steps.', 'intermediate', '[{"id": "exercise-guide-module-1", "title": "When Should You Exercise?", "content_ids": ["exercise-timing", "company-milestone-indicators", "personal-financial-readiness"], "description": "Key factors to consider when timing your exercise decision.", "estimated_time": "15 minutes", "interactive_id": "exercise-timing-tool"}, {"id": "exercise-guide-module-2", "title": "How Many Options to Exercise", "content_ids": ["partial-vs-full-exercise", "financial-considerations", "dollar-cost-averaging"], "description": "Framework for deciding on exercise quantity based on your financial situation.", "estimated_time": "15 minutes", "interactive_id": "exercise-quantity-calculator"}, {"id": "exercise-guide-module-3", "title": "Exercise Checklist and Process", "quiz_id": "exercise-process-checklist", "content_ids": ["exercise-documentation", "payment-process", "tax-form-preparation"], "description": "Step-by-step guide to the exercise process and documentation.", "estimated_time": "10 minutes"}]', '{"Employees approaching exercise decisions","Those with vesting equity","New option holders"}', '40-45 minutes', '2025-05-20 02:35:14.434097+00', '2025-05-22 18:06:31.359196+00', NULL, true, true, '{"min_quiz_score": 70, "min_lessons_completed": 6}', NULL, 1),
	('6c525887-834d-461b-b346-a2a8b945508e', 'Quick Guide: Equity Tax Filing', 'A concise guide to handling equity-related tax filing requirements during tax season.', 'intermediate', '[{"id": "tax-filing-module-1", "title": "Tax Forms for Equity Compensation", "quiz_id": "tax-forms-quiz", "content_ids": ["form-3921", "form-3922", "w2-equity-reporting", "form-1099-b"], "description": "Understanding the key tax forms related to equity events and how to interpret them.", "estimated_time": "15 minutes"}, {"id": "tax-filing-module-2", "title": "Reporting Equity Transactions", "content_ids": ["schedule-d-reporting", "form-8949", "basis-reporting", "disqualifying-dispositions"], "description": "How to properly report equity exercises, releases, and sales on your tax return.", "estimated_time": "20 minutes", "interactive_id": "tax-reporting-helper"}, {"id": "tax-filing-module-3", "title": "AMT Calculation and Form 6251", "content_ids": ["form-6251-walkthrough", "amt-adjustment-calculation", "amt-credit-form-8801"], "description": "Understanding and completing Form 6251 for Alternative Minimum Tax calculations.", "estimated_time": "15 minutes", "interactive_id": "form-6251-assistant"}]', '{"Equity holders preparing tax returns","People who exercised ISOs","Those who sold equity"}', '50-55 minutes', '2025-05-20 02:35:14.434097+00', '2025-05-22 18:06:31.359196+00', NULL, true, true, '{"min_quiz_score": 70, "min_lessons_completed": 6}', NULL, 1);


--
-- Data for Name: lessons; Type: TABLE DATA; Schema: public; Owner: postgres
--

INSERT INTO "public"."lessons" ("id", "module_id", "slug", "title", "description", "estimated_time", "component_name", "key_terms", "lesson_order", "is_active", "created_at", "updated_at") VALUES
	('04d2a5ae-b8bf-4c66-b0fc-51abeae9577a', '0148f63a-ed2c-4ea5-abe9-ac14dee854ed', 'what-is-equity', 'What is Equity Compensation?', 'Learn the fundamentals of equity compensation and why companies offer it.', '8-10 min', 'Lesson1WhatIsEquity', '{equity,compensation,ownership,stakeholder}', 1, true, '2025-05-22 21:59:50.098997+00', '2025-05-22 21:59:50.098997+00'),
	('cfb07649-72eb-4d7b-a102-93a63102b723', '0148f63a-ed2c-4ea5-abe9-ac14dee854ed', 'equity-types', 'Stock Options vs RSUs vs Restricted Stock', 'Compare different types of equity grants and their characteristics.', '8-10 min', 'Lesson2EquityTypes', '{"stock options",ISO,NSO,RSU,"restricted stock"}', 2, true, '2025-05-22 21:59:50.098997+00', '2025-05-22 21:59:50.098997+00'),
	('c8fdd6b7-0ee9-416d-aed3-939cb7efc5a3', '0148f63a-ed2c-4ea5-abe9-ac14dee854ed', 'vesting-schedules', 'Understanding Vesting Schedules', 'Learn how vesting works and common vesting schedule patterns.', '8-10 min', 'Lesson3VestingSchedules', '{vesting,cliff,acceleration,"milestone-based vesting"}', 3, true, '2025-05-22 21:59:50.098997+00', '2025-05-22 21:59:50.098997+00'),
	('49eb6182-6f35-40b5-96b3-5e97d469fe06', '0148f63a-ed2c-4ea5-abe9-ac14dee854ed', 'strike-fmv', 'Strike Price and Fair Market Value', 'Understand how stock option pricing works and what affects equity value.', '8-10 min', 'Lesson4StrikeAndFMV', '{"strike price","fair market value","409A valuation",spread}', 4, true, '2025-05-22 21:59:50.098997+00', '2025-05-22 21:59:50.098997+00'),
	('f0d78861-17e4-4c36-a10b-188a904b0e38', '0148f63a-ed2c-4ea5-abe9-ac14dee854ed', 'tax-implications', 'Basic Tax Implications', 'Learn the fundamental tax considerations for different equity types.', '8-10 min', 'Lesson5TaxImplications', '{"ordinary income","capital gains",AMT,"83(b) election"}', 5, true, '2025-05-22 21:59:50.098997+00', '2025-05-22 21:59:50.098997+00'),
	('a3b4013c-e86a-4b1d-ae1c-1f019250ad29', '0148f63a-ed2c-4ea5-abe9-ac14dee854ed', 'exits-liquidity', 'When Companies Go Public or Get Acquired', 'Understand what happens to your equity during liquidity events.', '8-10 min', 'Lesson6ExitsAndLiquidity', '{IPO,acquisition,"liquidity event","lockup period","secondary sale"}', 6, true, '2025-05-22 21:59:50.098997+00', '2025-05-22 21:59:50.098997+00');


--
-- Data for Name: lesson_quizzes; Type: TABLE DATA; Schema: public; Owner: postgres
--

INSERT INTO "public"."lesson_quizzes" ("id", "lesson_id", "question_id", "question_text", "explanation", "correct_answer_id", "question_order", "created_at", "updated_at") VALUES
	('28e9ba63-e5df-4c69-b89c-fb84262ac152', '04d2a5ae-b8bf-4c66-b0fc-51abeae9577a', 'eq1', 'What is the primary purpose of equity compensation?', 'Equity compensation is primarily designed to align employee interests with company success by making employees part-owners in the business.', 'b', 1, '2025-05-22 21:59:50.098997+00', '2025-05-22 21:59:50.098997+00'),
	('3ad7fec4-2aec-4319-9a59-8a9920445ba4', '04d2a5ae-b8bf-4c66-b0fc-51abeae9577a', 'eq2', 'When do employees typically realize the full value of their equity compensation?', 'The full value of equity is typically realized during a liquidity event such as an IPO (Initial Public Offering) or when the company is acquired.', 'b', 2, '2025-05-22 21:59:50.098997+00', '2025-05-22 21:59:50.098997+00');


--
-- Data for Name: notifications; Type: TABLE DATA; Schema: public; Owner: postgres
--

INSERT INTO "public"."notifications" ("id", "user_id", "title", "description", "notification_type", "is_read", "due_date", "created_at", "updated_at") VALUES
	('721ffbf7-5818-4e5f-9f68-765cd780b2c6', 'e6ce2b90-f7e7-4c34-bee5-ad3c5760ff04', 'Your first cliff approaching', 'Your first vesting cliff for MXS Solutions ISO grant is on January 15, 2024', 'vesting', true, '2024-01-15', '2025-05-06 01:57:03.527276+00', '2025-05-20 03:18:44.982404+00'),
	('70fa5152-53e3-4c1d-b350-683a7ccb8b3a', 'e6ce2b90-f7e7-4c34-bee5-ad3c5760ff04', 'Tax planning reminder', 'Consider consulting a tax professional about ISO exercise strategy', 'tax', true, '2023-09-30', '2025-05-06 01:57:03.527276+00', '2025-05-20 03:18:44.982404+00'),
	('80d99420-b513-4f1c-9e64-d02a37bee325', 'e6ce2b90-f7e7-4c34-bee5-ad3c5760ff04', 'RSU cliff coming up', 'Your RSU cliff vesting date is approaching on June 1, 2024', 'vesting', true, '2024-06-01', '2025-05-06 01:57:03.527276+00', '2025-05-20 03:18:44.982404+00');


--
-- Data for Name: profiles; Type: TABLE DATA; Schema: public; Owner: postgres
--

INSERT INTO "public"."profiles" ("id", "email", "first_name", "last_name", "company", "created_at", "updated_at") VALUES
	('e6ce2b90-f7e7-4c34-bee5-ad3c5760ff04', 'dominickjerell@gmail.com', 'Dominick', 'Hill', 'MXS Solutions', '2025-05-06 01:48:07+00', '2025-05-06 02:21:58.826973+00'),
	('50211385-86c1-43ee-b034-4c69a442b3df', 'fiveminsaway@gmail.com', NULL, NULL, '', '2025-05-13 17:28:41.724425+00', '2025-05-13 17:28:41.724425+00');


--
-- Data for Name: quiz_options; Type: TABLE DATA; Schema: public; Owner: postgres
--

INSERT INTO "public"."quiz_options" ("id", "quiz_question_id", "option_id", "option_text", "option_order", "created_at") VALUES
	('14b17c60-d96f-474c-95e6-6d2ad6125d4c', '28e9ba63-e5df-4c69-b89c-fb84262ac152', 'a', 'To avoid paying market-rate salaries', 1, '2025-05-22 21:59:50.098997+00'),
	('06e1a222-f343-48ff-8256-c170f36b95e5', '28e9ba63-e5df-4c69-b89c-fb84262ac152', 'b', 'To align employee and company interests', 2, '2025-05-22 21:59:50.098997+00'),
	('63369530-3a1e-4931-b58a-d353baa71560', '28e9ba63-e5df-4c69-b89c-fb84262ac152', 'c', 'To avoid paying taxes', 3, '2025-05-22 21:59:50.098997+00'),
	('9e6408e9-c0c9-425f-81f0-f0c12b8b5114', '28e9ba63-e5df-4c69-b89c-fb84262ac152', 'd', 'To reduce company expenses', 4, '2025-05-22 21:59:50.098997+00'),
	('b75a179d-d525-4f89-a544-aab4c16f32b2', '3ad7fec4-2aec-4319-9a59-8a9920445ba4', 'a', 'Immediately upon receiving the grant', 1, '2025-05-22 21:59:50.098997+00'),
	('b81525d9-0ddd-43e3-b182-e0e26fa61235', '3ad7fec4-2aec-4319-9a59-8a9920445ba4', 'b', 'At the company''s IPO or acquisition', 2, '2025-05-22 21:59:50.098997+00'),
	('8a46c9d8-c6fd-4194-b282-d635332c8639', '3ad7fec4-2aec-4319-9a59-8a9920445ba4', 'c', 'After their first year of employment', 3, '2025-05-22 21:59:50.098997+00'),
	('04879e7a-e79d-40c8-a958-705c55e6f3b6', '3ad7fec4-2aec-4319-9a59-8a9920445ba4', 'd', 'At the end of each fiscal year', 4, '2025-05-22 21:59:50.098997+00');


--
-- Data for Name: scenarios; Type: TABLE DATA; Schema: public; Owner: postgres
--

INSERT INTO "public"."scenarios" ("id", "user_id", "grant_id", "scenario_name", "exit_value", "shares_exercised", "exercise_cost", "gross_proceeds", "tax_liability", "net_proceeds", "roi_percentage", "created_at", "name", "description", "exit_type", "exit_date", "share_price", "shares_included", "updated_at", "effective_tax_rate") VALUES
	('8ac38345-20b9-4c23-97a0-f4482d9432fc', 'e6ce2b90-f7e7-4c34-bee5-ad3c5760ff04', '42a75a57-dbb5-42f8-93fb-ed2c57b0c5e0', 'IPO at $50/share', 50.00, 100, 200.00, 500.00, 120.00, 180.00, 90.00, '2025-05-06 02:30:15.494888+00', NULL, NULL, NULL, NULL, NULL, NULL, '2025-05-09 00:56:03.644444+00', NULL),
	('bf18f8f2-e960-4ed1-ab93-32d36b76ce60', 'e6ce2b90-f7e7-4c34-bee5-ad3c5760ff04', '42a75a57-dbb5-42f8-93fb-ed2c57b0c5e0', 'Acquisition at $35/share', 35.00, 100, 200.00, 350.00, 82.50, 67.50, 33.75, '2025-05-06 02:30:15.494888+00', NULL, NULL, NULL, NULL, NULL, NULL, '2025-05-09 00:56:03.644444+00', NULL),
	('a646ec3d-6b6e-4189-b711-53f2c04602ee', 'e6ce2b90-f7e7-4c34-bee5-ad3c5760ff04', '42a75a57-dbb5-42f8-93fb-ed2c57b0c5e0', 'Secondary Sale at $25/share', 25.00, 50, 100.00, 125.00, 28.75, 96.25, 96.25, '2025-05-06 02:30:15.494888+00', NULL, NULL, NULL, NULL, NULL, NULL, '2025-05-09 00:56:03.644444+00', NULL),
	('1b40a38b-5829-4afd-946f-55cd80c2870a', '50211385-86c1-43ee-b034-4c69a442b3df', '0052c692-e296-43d0-8801-13558f28c73e', 'Default Scenario', 0.00, 0, 11250.00, 157500.00, 36562.50, 109687.50, 975.00, '2025-05-15 23:04:54.556+00', 'Amazon Exit at $10.50', '', 'IPO', '2026-05-15 00:00:00+00', 10.5000, 15000, '2025-05-15 23:04:54.624132+00', 0.23);


--
-- Data for Name: scenario_details; Type: TABLE DATA; Schema: public; Owner: postgres
--

INSERT INTO "public"."scenario_details" ("id", "scenario_id", "grant_id", "shares_included", "gross_value", "exercise_cost", "tax_cost", "net_value", "created_at", "updated_at") VALUES
	('bbf1387a-4c8b-48ba-b1ed-041fc6fcd63d', '8ac38345-20b9-4c23-97a0-f4482d9432fc', '42a75a57-dbb5-42f8-93fb-ed2c57b0c5e0', 100, 500.00, 200.00, 120.00, 180.00, '2025-05-06 02:30:15.494888+00', '2025-05-06 02:30:15.494888+00'),
	('3b240c48-9fe8-4914-8973-a9e30955f9d4', 'bf18f8f2-e960-4ed1-ab93-32d36b76ce60', '42a75a57-dbb5-42f8-93fb-ed2c57b0c5e0', 100, 350.00, 200.00, 82.50, 67.50, '2025-05-06 02:30:15.494888+00', '2025-05-06 02:30:15.494888+00'),
	('d9cd9b87-b171-44e4-8823-e1a37b8d0296', 'a646ec3d-6b6e-4189-b711-53f2c04602ee', '42a75a57-dbb5-42f8-93fb-ed2c57b0c5e0', 50, 125.00, 100.00, 28.75, 96.25, '2025-05-06 02:30:15.494888+00', '2025-05-06 02:30:15.494888+00');


--
-- Data for Name: tax_settings; Type: TABLE DATA; Schema: public; Owner: postgres
--



--
-- Data for Name: user_education_progress; Type: TABLE DATA; Schema: public; Owner: postgres
--

INSERT INTO "public"."user_education_progress" ("id", "user_id", "viewed_content", "completed_content", "bookmarked_content", "quiz_results", "learning_paths", "created_at", "updated_at", "reset_history", "last_reset_at") VALUES
	('87489cce-8aee-46ed-8cc5-4aa35d89562a', 'e6ce2b90-f7e7-4c34-bee5-ad3c5760ff04', '{}', '{}', '{}', '{}', '{"b384a83c-ec77-438d-9cb2-92da1954ee14": {"current_module": null, "completed_modules": ["module-1", "module-2", "module-3", "module-1", "module-2", "module-3", "module-1", "module-2", "module-3", "module-1", "module-2", "module-3", "module-1", "module-2", "module-3"]}, "bc8c60c0-8537-4e70-9a67-36f275078bb1": {"current_module": "beginner-module-1", "completed_modules": []}}', '2025-05-20 02:01:18.435303+00', '2025-05-22 18:46:03.856519+00', '[]', NULL),
	('b115c9e2-16b6-409e-a65b-1961d8ff05b7', '50211385-86c1-43ee-b034-4c69a442b3df', '{}', '{}', '{}', '{}', '{"b384a83c-ec77-438d-9cb2-92da1954ee14": {"current_module": null, "completed_modules": ["module-1", "module-2", "module-3"]}, "bc8c60c0-8537-4e70-9a67-36f275078bb1": {"current_module": "beginner-module-1", "completed_modules": []}}', '2025-05-22 16:39:05.387306+00', '2025-05-22 18:46:15.153331+00', '[]', NULL);


--
-- Data for Name: user_financial_profiles; Type: TABLE DATA; Schema: public; Owner: postgres
--



--
-- Data for Name: user_subscriptions; Type: TABLE DATA; Schema: public; Owner: postgres
--



--
-- Data for Name: vesting_events; Type: TABLE DATA; Schema: public; Owner: postgres
--



--
-- Data for Name: buckets; Type: TABLE DATA; Schema: storage; Owner: supabase_storage_admin
--



--
-- Data for Name: objects; Type: TABLE DATA; Schema: storage; Owner: supabase_storage_admin
--



--
-- Data for Name: s3_multipart_uploads; Type: TABLE DATA; Schema: storage; Owner: supabase_storage_admin
--



--
-- Data for Name: s3_multipart_uploads_parts; Type: TABLE DATA; Schema: storage; Owner: supabase_storage_admin
--



--
-- Data for Name: secrets; Type: TABLE DATA; Schema: vault; Owner: supabase_admin
--



--
-- Name: refresh_tokens_id_seq; Type: SEQUENCE SET; Schema: auth; Owner: supabase_auth_admin
--

SELECT pg_catalog.setval('"auth"."refresh_tokens_id_seq"', 109, true);


--
-- Name: administrators_id_seq; Type: SEQUENCE SET; Schema: public; Owner: postgres
--

SELECT pg_catalog.setval('"public"."administrators_id_seq"', 1, false);


--
-- PostgreSQL database dump complete
--

RESET ALL;
